season,team_abb,player_code,games_with_box,games_played,games_dnp,minutes_total,minutes_avg
2024,ATL,ATL24_P01,44,44,0,1422,32.31818181818182
2024,ATL,ATL24_P02,44,44,0,945,21.477272727272727
2024,ATL,ATL24_P03,44,44,0,759,17.25
2024,ATL,ATL24_P04,44,44,0,590,13.409090909090908
2024,ATL,ATL24_P05,43,43,0,1247,29
2024,ATL,ATL24_P06,39,34,5,1110,32.64705882352941
2024,ATL,ATL24_P07,42,30,12,244,8.133333333333333
2024,ATL,ATL24_P08,28,27,1,424,15.703703703703704
2024,ATL,ATL24_P09,35,26,9,519,19.96153846153846
2024,ATL,ATL24_P10,32,22,10,679,30.863636363636363
2024,ATL,ATL24_P11,30,19,11,341,17.94736842105263
2024,ATL,ATL24_P12,42,19,23,121,6.368421052631579
2024,ATL,ATL24_P13,17,17,0,231,13.588235294117647
2024,ATL,ATL24_P14,8,8,0,143,17.875
2024,ATL,ATL24_P15,6,6,0,187,31.166666666666668
2024,ATL,ATL24_P16,6,6,0,183,30.5
2024,ATL,ATL24_P17,6,6,0,182,30.333333333333332
2024,ATL,ATL24_P18,6,6,0,135,22.5
2024,ATL,ATL24_P19,6,6,0,116,19.333333333333332
2024,ATL,ATL24_P20,5,5,0,184,36.8
2024,ATL,ATL24_P21,5,5,0,163,32.6
2024,ATL,ATL24_P22,5,5,0,156,31.2
2024,ATL,ATL24_P23,5,5,0,145,29
2024,ATL,ATL24_P24,5,5,0,128,25.6
2024,ATL,ATL24_P25,5,5,0,124,24.8
2024,ATL,ATL24_P26,5,5,0,112,22.4
2024,ATL,ATL24_P27,5,5,0,105,21
2024,ATL,ATL24_P28,5,5,0,104,20.8
2024,ATL,ATL24_P29,5,5,0,100,20
2024,ATL,ATL24_P30,5,5,0,95,19
2024,ATL,ATL24_P31,5,5,0,87,17.4
2024,ATL,ATL24_P32,6,5,1,65,13
2024,ATL,ATL24_P33,5,4,1,144,36
2024,ATL,ATL24_P34,4,4,0,135,33.75
2024,ATL,ATL24_P35,4,4,0,127,31.75
2024,ATL,ATL24_P36,4,4,0,125,31.25
2024,ATL,ATL24_P37,4,4,0,125,31.25
2024,ATL,ATL24_P38,4,4,0,123,30.75
2024,ATL,ATL24_P39,4,4,0,120,30
2024,ATL,ATL24_P40,4,4,0,119,29.75
2024,ATL,ATL24_P41,4,4,0,116,29
2024,ATL,ATL24_P42,4,4,0,111,27.75
2024,ATL,ATL24_P43,4,4,0,111,27.75
2024,ATL,ATL24_P44,4,4,0,109,27.25
2024,ATL,ATL24_P45,4,4,0,107,26.75
2024,ATL,ATL24_P46,4,4,0,106,26.5
2024,ATL,ATL24_P47,4,4,0,96,24
2024,ATL,ATL24_P48,4,4,0,83,20.75
2024,ATL,ATL24_P49,5,4,1,82,20.5
2024,ATL,ATL24_P50,4,4,0,81,20.25
2024,ATL,ATL24_P51,5,4,1,75,18.75
2024,ATL,ATL24_P52,4,4,0,72,18
2024,ATL,ATL24_P53,4,4,0,70,17.5
2024,ATL,ATL24_P54,4,4,0,69,17.25
2024,ATL,ATL24_P55,5,4,1,64,16
2024,ATL,ATL24_P56,4,4,0,63,15.75
2024,ATL,ATL24_P57,6,4,2,60,15
2024,ATL,ATL24_P58,5,4,1,56,14
2024,ATL,ATL24_P59,4,4,0,55,13.75
2024,ATL,ATL24_P60,4,4,0,54,13.5
2024,ATL,ATL24_P61,4,4,0,48,12
2024,ATL,ATL24_P62,4,4,0,42,10.5
2024,ATL,ATL24_P63,3,3,0,121,40.333333333333336
2024,ATL,ATL24_P64,3,3,0,109,36.333333333333336
2024,ATL,ATL24_P65,3,3,0,108,36
2024,ATL,ATL24_P66,3,3,0,105,35
2024,ATL,ATL24_P67,4,3,1,99,33
2024,ATL,ATL24_P68,4,3,1,99,33
2024,ATL,ATL24_P69,3,3,0,99,33
2024,ATL,ATL24_P70,4,3,1,97,32.333333333333336
2024,ATL,ATL24_P71,3,3,0,97,32.333333333333336
2024,ATL,ATL24_P72,3,3,0,96,32
2024,ATL,ATL24_P73,3,3,0,95,31.666666666666668
2024,ATL,ATL24_P74,3,3,0,91,30.333333333333332
2024,ATL,ATL24_P75,3,3,0,87,29
2024,ATL,ATL24_P76,3,3,0,87,29
2024,ATL,ATL24_P77,3,3,0,81,27
2024,ATL,ATL24_P78,3,3,0,79,26.333333333333332
2024,ATL,ATL24_P79,3,3,0,79,26.333333333333332
2024,ATL,ATL24_P80,3,3,0,78,26
2024,ATL,ATL24_P81,3,3,0,73,24.333333333333332
2024,ATL,ATL24_P82,3,3,0,68,22.666666666666668
2024,ATL,ATL24_P83,5,3,2,58,19.333333333333332
2024,ATL,ATL24_P84,3,3,0,56,18.666666666666668
2024,ATL,ATL24_P85,4,3,1,55,18.333333333333332
2024,ATL,ATL24_P86,3,3,0,55,18.333333333333332
2024,ATL,ATL24_P87,4,3,1,50,16.666666666666668
2024,ATL,ATL24_P88,3,3,0,49,16.333333333333332
2024,ATL,ATL24_P89,3,3,0,47,15.666666666666666
2024,ATL,ATL24_P90,3,3,0,44,14.666666666666666
2024,ATL,ATL24_P91,3,3,0,43,14.333333333333334
2024,ATL,ATL24_P92,3,3,0,43,14.333333333333334
2024,ATL,ATL24_P93,3,3,0,42,14
2024,ATL,ATL24_P94,4,3,1,42,14
2024,ATL,ATL24_P95,4,3,1,42,14
2024,ATL,ATL24_P96,3,3,0,41,13.666666666666666
2024,ATL,ATL24_P97,3,3,0,40,13.333333333333334
2024,ATL,ATL24_P98,5,3,2,38,12.666666666666666
2024,ATL,ATL24_P99,3,3,0,34,11.333333333333334
2024,ATL,ATL24_P100,3,3,0,33,11
2024,ATL,ATL24_P101,4,3,1,28,9.333333333333334
2024,ATL,ATL24_P102,6,3,3,28,9.333333333333334
2024,ATL,ATL24_P103,3,3,0,26,8.666666666666666
2024,ATL,ATL24_P104,3,3,0,25,8.333333333333334
2024,ATL,ATL24_P105,6,3,3,25,8.333333333333334
2024,ATL,ATL24_P106,3,3,0,18,6
2024,ATL,ATL24_P107,2,2,0,73,36.5
2024,ATL,ATL24_P108,2,2,0,71,35.5
2024,ATL,ATL24_P109,2,2,0,65,32.5
2024,ATL,ATL24_P110,3,2,1,59,29.5
2024,ATL,ATL24_P111,2,2,0,58,29
2024,ATL,ATL24_P112,2,2,0,54,27
2024,ATL,ATL24_P113,2,2,0,52,26
2024,ATL,ATL24_P114,2,2,0,44,22
2024,ATL,ATL24_P115,2,2,0,39,19.5
2024,ATL,ATL24_P116,3,2,1,34,17
2024,ATL,ATL24_P117,2,2,0,33,16.5
2024,ATL,ATL24_P118,3,2,1,28,14
2024,ATL,ATL24_P119,2,2,0,28,14
2024,ATL,ATL24_P120,3,2,1,20,10
2024,ATL,ATL24_P121,5,2,3,20,10
2024,ATL,ATL24_P122,3,2,1,18,9
2024,ATL,ATL24_P123,3,2,1,14,7
2024,ATL,ATL24_P124,3,2,1,14,7
2024,ATL,ATL24_P125,4,2,2,13,6.5
2024,ATL,ATL24_P126,3,2,1,13,6.5
2024,ATL,ATL24_P127,3,2,1,12,6
2024,ATL,ATL24_P128,2,2,0,8,4
2024,ATL,ATL24_P129,4,2,2,7,3.5
2024,ATL,ATL24_P130,3,2,1,3,1.5
2024,ATL,ATL24_P131,1,1,0,41,41
2024,ATL,ATL24_P132,1,1,0,32,32
2024,ATL,ATL24_P133,2,1,1,21,21
2024,ATL,ATL24_P134,1,1,0,18,18
2024,ATL,ATL24_P135,3,1,2,16,16
2024,ATL,ATL24_P136,1,1,0,16,16
2024,ATL,ATL24_P137,2,1,1,14,14
2024,ATL,ATL24_P138,1,1,0,13,13
2024,ATL,ATL24_P139,1,1,0,13,13
2024,ATL,ATL24_P140,1,1,0,11,11
2024,ATL,ATL24_P141,3,1,2,11,11
2024,ATL,ATL24_P142,1,1,0,9,9
2024,ATL,ATL24_P143,1,1,0,9,9
2024,ATL,ATL24_P144,3,1,2,7,7
2024,ATL,ATL24_P145,1,1,0,7,7
2024,ATL,ATL24_P146,4,1,3,6,6
2024,ATL,ATL24_P147,1,1,0,6,6
2024,ATL,ATL24_P148,1,1,0,6,6
2024,ATL,ATL24_P149,1,1,0,6,6
2024,ATL,ATL24_P150,2,1,1,5,5
2024,ATL,ATL24_P151,1,1,0,4,4
2024,ATL,ATL24_P152,1,1,0,4,4
2024,ATL,ATL24_P153,3,1,2,2,2
2024,ATL,ATL24_P154,5,1,4,1,1
2024,ATL,ATL24_P155,1,0,1,0,NA
2024,ATL,ATL24_P156,2,0,2,0,NA
2024,ATL,ATL24_P157,1,0,1,0,NA
2024,ATL,ATL24_P158,1,0,1,0,NA
2024,ATL,ATL24_P159,2,0,2,0,NA
2024,ATL,ATL24_P160,1,0,1,0,NA
2025,ATL,ATL25_P01,49,49,0,1287,26.26530612244898
2025,ATL,ATL25_P02,49,49,0,1258,25.6734693877551
2025,ATL,ATL25_P03,48,48,0,790,16.458333333333332
2025,ATL,ATL25_P04,49,48,1,507,10.5625
2025,ATL,ATL25_P05,47,47,0,1592,33.87234042553192
2025,ATL,ATL25_P06,49,45,4,824,18.31111111111111
2025,ATL,ATL25_P07,45,44,1,861,19.568181818181817
2025,ATL,ATL25_P08,49,44,5,401,9.113636363636363
2025,ATL,ATL25_P09,44,38,6,1304,34.31578947368421
2025,ATL,ATL25_P10,38,32,6,866,27.0625
2025,ATL,ATL25_P11,42,16,26,64,4
2025,ATL,ATL25_P12,19,12,7,30,2.5
2025,ATL,ATL25_P13,8,8,0,235,29.375
2025,ATL,ATL25_P14,8,8,0,232,29
2025,ATL,ATL25_P15,8,8,0,217,27.125
2025,ATL,ATL25_P16,8,8,0,202,25.25
2025,ATL,ATL25_P17,7,7,0,210,30
2025,ATL,ATL25_P18,7,7,0,146,20.857142857142858
2025,ATL,ATL25_P19,8,6,2,85,14.166666666666666
2025,ATL,ATL25_P20,8,6,2,81,13.5
2025,ATL,ATL25_P21,5,5,0,165,33
2025,ATL,ATL25_P22,5,5,0,146,29.2
2025,ATL,ATL25_P23,5,5,0,145,29
2025,ATL,ATL25_P24,5,5,0,142,28.4
2025,ATL,ATL25_P25,5,5,0,120,24
2025,ATL,ATL25_P26,5,5,0,118,23.6
2025,ATL,ATL25_P27,5,5,0,112,22.4
2025,ATL,ATL25_P28,5,5,0,107,21.4
2025,ATL,ATL25_P29,5,5,0,102,20.4
2025,ATL,ATL25_P30,5,5,0,79,15.8
2025,ATL,ATL25_P31,5,5,0,71,14.2
2025,ATL,ATL25_P32,6,5,1,57,11.4
2025,ATL,ATL25_P33,8,5,3,26,5.2
2025,ATL,ATL25_P34,4,4,0,134,33.5
2025,ATL,ATL25_P35,4,4,0,129,32.25
2025,ATL,ATL25_P36,4,4,0,126,31.5
2025,ATL,ATL25_P37,4,4,0,123,30.75
2025,ATL,ATL25_P38,5,4,1,119,29.75
2025,ATL,ATL25_P39,4,4,0,118,29.5
2025,ATL,ATL25_P40,4,4,0,115,28.75
2025,ATL,ATL25_P41,4,4,0,113,28.25
2025,ATL,ATL25_P42,4,4,0,113,28.25
2025,ATL,ATL25_P43,4,4,0,113,28.25
2025,ATL,ATL25_P44,4,4,0,98,24.5
2025,ATL,ATL25_P45,4,4,0,89,22.25
2025,ATL,ATL25_P46,4,4,0,86,21.5
2025,ATL,ATL25_P47,4,4,0,84,21
2025,ATL,ATL25_P48,4,4,0,77,19.25
2025,ATL,ATL25_P49,4,4,0,77,19.25
2025,ATL,ATL25_P50,4,4,0,68,17
2025,ATL,ATL25_P51,4,4,0,54,13.5
2025,ATL,ATL25_P52,5,4,1,51,12.75
2025,ATL,ATL25_P53,5,4,1,51,12.75
2025,ATL,ATL25_P54,4,4,0,43,10.75
2025,ATL,ATL25_P55,4,4,0,41,10.25
2025,ATL,ATL25_P56,5,4,1,38,9.5
2025,ATL,ATL25_P57,4,4,0,35,8.75
2025,ATL,ATL25_P58,5,4,1,14,3.5
2025,ATL,ATL25_P59,3,3,0,107,35.666666666666664
2025,ATL,ATL25_P60,3,3,0,107,35.666666666666664
2025,ATL,ATL25_P61,3,3,0,105,35
2025,ATL,ATL25_P62,3,3,0,103,34.333333333333336
2025,ATL,ATL25_P63,3,3,0,103,34.333333333333336
2025,ATL,ATL25_P64,3,3,0,99,33
2025,ATL,ATL25_P65,3,3,0,98,32.666666666666664
2025,ATL,ATL25_P66,3,3,0,98,32.666666666666664
2025,ATL,ATL25_P67,3,3,0,97,32.333333333333336
2025,ATL,ATL25_P68,3,3,0,95,31.666666666666668
2025,ATL,ATL25_P69,3,3,0,95,31.666666666666668
2025,ATL,ATL25_P70,3,3,0,94,31.333333333333332
2025,ATL,ATL25_P71,3,3,0,91,30.333333333333332
2025,ATL,ATL25_P72,4,3,1,89,29.666666666666668
2025,ATL,ATL25_P73,3,3,0,89,29.666666666666668
2025,ATL,ATL25_P74,3,3,0,87,29
2025,ATL,ATL25_P75,4,3,1,84,28
2025,ATL,ATL25_P76,3,3,0,83,27.666666666666668
2025,ATL,ATL25_P77,3,3,0,83,27.666666666666668
2025,ATL,ATL25_P78,3,3,0,81,27
2025,ATL,ATL25_P79,3,3,0,80,26.666666666666668
2025,ATL,ATL25_P80,5,3,2,80,26.666666666666668
2025,ATL,ATL25_P81,3,3,0,76,25.333333333333332
2025,ATL,ATL25_P82,3,3,0,68,22.666666666666668
2025,ATL,ATL25_P83,3,3,0,67,22.333333333333332
2025,ATL,ATL25_P84,5,3,2,65,21.666666666666668
2025,ATL,ATL25_P85,3,3,0,64,21.333333333333332
2025,ATL,ATL25_P86,3,3,0,63,21
2025,ATL,ATL25_P87,3,3,0,62,20.666666666666668
2025,ATL,ATL25_P88,3,3,0,57,19
2025,ATL,ATL25_P89,3,3,0,56,18.666666666666668
2025,ATL,ATL25_P90,3,3,0,55,18.333333333333332
2025,ATL,ATL25_P91,3,3,0,55,18.333333333333332
2025,ATL,ATL25_P92,3,3,0,52,17.333333333333332
2025,ATL,ATL25_P93,3,3,0,49,16.333333333333332
2025,ATL,ATL25_P94,3,3,0,49,16.333333333333332
2025,ATL,ATL25_P95,4,3,1,49,16.333333333333332
2025,ATL,ATL25_P96,3,3,0,46,15.333333333333334
2025,ATL,ATL25_P97,3,3,0,45,15
2025,ATL,ATL25_P98,3,3,0,45,15
2025,ATL,ATL25_P99,3,3,0,44,14.666666666666666
2025,ATL,ATL25_P100,4,3,1,44,14.666666666666666
2025,ATL,ATL25_P101,3,3,0,41,13.666666666666666
2025,ATL,ATL25_P102,3,3,0,40,13.333333333333334
2025,ATL,ATL25_P103,3,3,0,39,13
2025,ATL,ATL25_P104,3,3,0,35,11.666666666666666
2025,ATL,ATL25_P105,3,3,0,34,11.333333333333334
2025,ATL,ATL25_P106,3,3,0,22,7.333333333333333
2025,ATL,ATL25_P107,3,3,0,20,6.666666666666667
2025,ATL,ATL25_P108,4,3,1,19,6.333333333333333
2025,ATL,ATL25_P109,3,3,0,14,4.666666666666667
2025,ATL,ATL25_P110,4,3,1,3,1
2025,ATL,ATL25_P111,2,2,0,77,38.5
2025,ATL,ATL25_P112,4,2,2,62,31
2025,ATL,ATL25_P113,3,2,1,61,30.5
2025,ATL,ATL25_P114,2,2,0,57,28.5
2025,ATL,ATL25_P115,2,2,0,57,28.5
2025,ATL,ATL25_P116,3,2,1,54,27
2025,ATL,ATL25_P117,3,2,1,49,24.5
2025,ATL,ATL25_P118,3,2,1,46,23
2025,ATL,ATL25_P119,4,2,2,45,22.5
2025,ATL,ATL25_P120,2,2,0,43,21.5
2025,ATL,ATL25_P121,2,2,0,38,19
2025,ATL,ATL25_P122,3,2,1,37,18.5
2025,ATL,ATL25_P123,2,2,0,34,17
2025,ATL,ATL25_P124,3,2,1,34,17
2025,ATL,ATL25_P125,4,2,2,33,16.5
2025,ATL,ATL25_P126,2,2,0,31,15.5
2025,ATL,ATL25_P127,3,2,1,31,15.5
2025,ATL,ATL25_P128,3,2,1,30,15
2025,ATL,ATL25_P129,2,2,0,29,14.5
2025,ATL,ATL25_P130,2,2,0,28,14
2025,ATL,ATL25_P131,2,2,0,28,14
2025,ATL,ATL25_P132,3,2,1,27,13.5
2025,ATL,ATL25_P133,3,2,1,26,13
2025,ATL,ATL25_P134,2,2,0,20,10
2025,ATL,ATL25_P135,2,2,0,18,9
2025,ATL,ATL25_P136,2,2,0,18,9
2025,ATL,ATL25_P137,3,2,1,17,8.5
2025,ATL,ATL25_P138,3,2,1,17,8.5
2025,ATL,ATL25_P139,2,2,0,16,8
2025,ATL,ATL25_P140,4,2,2,12,6
2025,ATL,ATL25_P141,2,2,0,9,4.5
2025,ATL,ATL25_P142,3,2,1,8,4
2025,ATL,ATL25_P143,3,2,1,4,2
2025,ATL,ATL25_P144,3,2,1,3,1.5
2025,ATL,ATL25_P145,1,1,0,34,34
2025,ATL,ATL25_P146,2,1,1,33,33
2025,ATL,ATL25_P147,3,1,2,31,31
2025,ATL,ATL25_P148,1,1,0,26,26
2025,ATL,ATL25_P149,1,1,0,25,25
2025,ATL,ATL25_P150,2,1,1,25,25
2025,ATL,ATL25_P151,2,1,1,24,24
2025,ATL,ATL25_P152,1,1,0,24,24
2025,ATL,ATL25_P153,2,1,1,21,21
2025,ATL,ATL25_P154,1,1,0,20,20
2025,ATL,ATL25_P155,3,1,2,18,18
2025,ATL,ATL25_P156,1,1,0,18,18
2025,ATL,ATL25_P157,2,1,1,18,18
2025,ATL,ATL25_P158,1,1,0,17,17
2025,ATL,ATL25_P159,2,1,1,15,15
2025,ATL,ATL25_P160,1,1,0,14,14
2025,ATL,ATL25_P161,3,1,2,12,12
2025,ATL,ATL25_P162,1,1,0,12,12
2025,ATL,ATL25_P163,1,1,0,12,12
2025,ATL,ATL25_P164,2,1,1,10,10
2025,ATL,ATL25_P165,1,1,0,9,9
2025,ATL,ATL25_P166,1,1,0,7,7
2025,ATL,ATL25_P167,1,1,0,6,6
2025,ATL,ATL25_P168,1,1,0,5,5
2025,ATL,ATL25_P169,1,1,0,2,2
2025,ATL,ATL25_P170,3,0,3,0,NA
2025,ATL,ATL25_P171,1,0,1,0,NA
2025,ATL,ATL25_P172,1,0,1,0,NA
2025,ATL,ATL25_P173,3,0,3,0,NA
2025,ATL,ATL25_P174,2,0,2,0,NA
2025,ATL,ATL25_P175,1,0,1,0,NA
2025,ATL,ATL25_P176,3,0,3,0,NA
2025,ATL,ATL25_P177,3,0,3,0,NA
2025,ATL,ATL25_P178,2,0,2,0,NA
2025,BRAZIL,BRAZIL25_P01,2,2,0,54,27
2025,BRAZIL,BRAZIL25_P02,2,2,0,46,23
2025,BRAZIL,BRAZIL25_P03,2,2,0,45,22.5
2025,BRAZIL,BRAZIL25_P04,2,2,0,40,20
2025,BRAZIL,BRAZIL25_P05,2,2,0,32,16
2025,BRAZIL,BRAZIL25_P06,2,2,0,31,15.5
2025,BRAZIL,BRAZIL25_P07,2,2,0,31,15.5
2025,BRAZIL,BRAZIL25_P08,2,2,0,29,14.5
2025,BRAZIL,BRAZIL25_P09,2,2,0,26,13
2025,BRAZIL,BRAZIL25_P10,2,2,0,24,12
2025,BRAZIL,BRAZIL25_P11,2,2,0,23,11.5
2025,BRAZIL,BRAZIL25_P12,2,2,0,19,9.5
2025,BRAZIL,BRAZIL25_P13,1,1,0,21,21
2025,BRAZIL,BRAZIL25_P14,1,1,0,20,20
2025,BRAZIL,BRAZIL25_P15,1,1,0,19,19
2025,BRAZIL,BRAZIL25_P16,1,1,0,19,19
2025,BRAZIL,BRAZIL25_P17,1,1,0,18,18
2025,BRAZIL,BRAZIL25_P18,1,1,0,18,18
2025,BRAZIL,BRAZIL25_P19,1,1,0,17,17
2025,BRAZIL,BRAZIL25_P20,1,1,0,16,16
2025,BRAZIL,BRAZIL25_P21,1,1,0,16,16
2025,BRAZIL,BRAZIL25_P22,1,1,0,15,15
2025,BRAZIL,BRAZIL25_P23,1,1,0,15,15
2025,BRAZIL,BRAZIL25_P24,1,1,0,14,14
2025,BRAZIL,BRAZIL25_P25,1,1,0,13,13
2025,BRAZIL,BRAZIL25_P26,1,1,0,13,13
2025,BRAZIL,BRAZIL25_P27,1,1,0,12,12
2025,BRAZIL,BRAZIL25_P28,1,1,0,12,12
2025,BRAZIL,BRAZIL25_P29,1,1,0,12,12
2025,BRAZIL,BRAZIL25_P30,1,1,0,12,12
2025,BRAZIL,BRAZIL25_P31,1,1,0,11,11
2025,BRAZIL,BRAZIL25_P32,1,1,0,11,11
2025,BRAZIL,BRAZIL25_P33,1,1,0,11,11
2025,BRAZIL,BRAZIL25_P34,1,1,0,10,10
2025,BRAZIL,BRAZIL25_P35,1,1,0,10,10
2025,BRAZIL,BRAZIL25_P36,1,1,0,10,10
2025,BRAZIL,BRAZIL25_P37,1,1,0,9,9
2025,BRAZIL,BRAZIL25_P38,1,1,0,9,9
2025,BRAZIL,BRAZIL25_P39,1,1,0,8,8
2025,BRAZIL,BRAZIL25_P40,1,1,0,7,7
2025,BRAZIL,BRAZIL25_P41,1,1,0,7,7
2025,BRAZIL,BRAZIL25_P42,1,1,0,5,5
2025,BRAZIL,BRAZIL25_P43,1,1,0,5,5
2025,BRAZIL,BRAZIL25_P44,1,1,0,5,5
2025,BRAZIL,BRAZIL25_P45,1,0,1,0,NA
2024,CHI,CHI24_P01,42,42,0,995,23.69047619047619
2024,CHI,CHI24_P02,42,41,1,797,19.4390243902439
2024,CHI,CHI24_P03,40,37,3,599,16.18918918918919
2024,CHI,CHI24_P04,41,36,5,1147,31.86111111111111
2024,CHI,CHI24_P05,42,36,6,690,19.166666666666668
2024,CHI,CHI24_P06,40,35,5,902,25.771428571428572
2024,CHI,CHI24_P07,41,34,7,463,13.617647058823529
2024,CHI,CHI24_P08,38,33,5,887,26.87878787878788
2024,CHI,CHI24_P09,28,28,0,894,31.928571428571427
2024,CHI,CHI24_P10,42,28,14,264,9.428571428571429
2024,CHI,CHI24_P11,18,17,1,330,19.41176470588235
2024,CHI,CHI24_P12,18,16,2,133,8.3125
2024,CHI,CHI24_P13,36,11,25,282,25.636363636363637
2024,CHI,CHI24_P14,18,7,11,37,5.285714285714286
2024,CHI,CHI24_P15,5,5,0,158,31.6
2024,CHI,CHI24_P16,5,5,0,132,26.4
2024,CHI,CHI24_P17,5,5,0,109,21.8
2024,CHI,CHI24_P18,5,5,0,94,18.8
2024,CHI,CHI24_P19,4,4,0,154,38.5
2024,CHI,CHI24_P20,4,4,0,146,36.5
2024,CHI,CHI24_P21,4,4,0,139,34.75
2024,CHI,CHI24_P22,4,4,0,136,34
2024,CHI,CHI24_P23,4,4,0,130,32.5
2024,CHI,CHI24_P24,4,4,0,129,32.25
2024,CHI,CHI24_P25,4,4,0,129,32.25
2024,CHI,CHI24_P26,4,4,0,127,31.75
2024,CHI,CHI24_P27,4,4,0,127,31.75
2024,CHI,CHI24_P28,5,4,1,126,31.5
2024,CHI,CHI24_P29,4,4,0,123,30.75
2024,CHI,CHI24_P30,4,4,0,123,30.75
2024,CHI,CHI24_P31,4,4,0,120,30
2024,CHI,CHI24_P32,4,4,0,115,28.75
2024,CHI,CHI24_P33,4,4,0,110,27.5
2024,CHI,CHI24_P34,4,4,0,110,27.5
2024,CHI,CHI24_P35,4,4,0,110,27.5
2024,CHI,CHI24_P36,4,4,0,110,27.5
2024,CHI,CHI24_P37,4,4,0,110,27.5
2024,CHI,CHI24_P38,4,4,0,108,27
2024,CHI,CHI24_P39,4,4,0,105,26.25
2024,CHI,CHI24_P40,4,4,0,103,25.75
2024,CHI,CHI24_P41,4,4,0,100,25
2024,CHI,CHI24_P42,4,4,0,94,23.5
2024,CHI,CHI24_P43,4,4,0,93,23.25
2024,CHI,CHI24_P44,4,4,0,87,21.75
2024,CHI,CHI24_P45,4,4,0,86,21.5
2024,CHI,CHI24_P46,4,4,0,85,21.25
2024,CHI,CHI24_P47,4,4,0,84,21
2024,CHI,CHI24_P48,4,4,0,81,20.25
2024,CHI,CHI24_P49,4,4,0,79,19.75
2024,CHI,CHI24_P50,4,4,0,78,19.5
2024,CHI,CHI24_P51,4,4,0,77,19.25
2024,CHI,CHI24_P52,4,4,0,71,17.75
2024,CHI,CHI24_P53,4,4,0,69,17.25
2024,CHI,CHI24_P54,4,4,0,67,16.75
2024,CHI,CHI24_P55,4,4,0,62,15.5
2024,CHI,CHI24_P56,4,4,0,62,15.5
2024,CHI,CHI24_P57,4,4,0,60,15
2024,CHI,CHI24_P58,4,4,0,59,14.75
2024,CHI,CHI24_P59,4,4,0,58,14.5
2024,CHI,CHI24_P60,4,4,0,53,13.25
2024,CHI,CHI24_P61,5,4,1,52,13
2024,CHI,CHI24_P62,4,4,0,52,13
2024,CHI,CHI24_P63,4,4,0,49,12.25
2024,CHI,CHI24_P64,4,4,0,49,12.25
2024,CHI,CHI24_P65,4,4,0,24,6
2024,CHI,CHI24_P66,4,4,0,17,4.25
2024,CHI,CHI24_P67,3,3,0,112,37.333333333333336
2024,CHI,CHI24_P68,3,3,0,107,35.666666666666664
2024,CHI,CHI24_P69,3,3,0,104,34.666666666666664
2024,CHI,CHI24_P70,3,3,0,103,34.333333333333336
2024,CHI,CHI24_P71,3,3,0,102,34
2024,CHI,CHI24_P72,3,3,0,101,33.666666666666664
2024,CHI,CHI24_P73,3,3,0,100,33.333333333333336
2024,CHI,CHI24_P74,3,3,0,96,32
2024,CHI,CHI24_P75,3,3,0,92,30.666666666666668
2024,CHI,CHI24_P76,3,3,0,90,30
2024,CHI,CHI24_P77,3,3,0,89,29.666666666666668
2024,CHI,CHI24_P78,4,3,1,89,29.666666666666668
2024,CHI,CHI24_P79,5,3,2,84,28
2024,CHI,CHI24_P80,3,3,0,83,27.666666666666668
2024,CHI,CHI24_P81,3,3,0,76,25.333333333333332
2024,CHI,CHI24_P82,4,3,1,71,23.666666666666668
2024,CHI,CHI24_P83,3,3,0,70,23.333333333333332
2024,CHI,CHI24_P84,3,3,0,66,22
2024,CHI,CHI24_P85,3,3,0,65,21.666666666666668
2024,CHI,CHI24_P86,4,3,1,57,19
2024,CHI,CHI24_P87,3,3,0,56,18.666666666666668
2024,CHI,CHI24_P88,3,3,0,52,17.333333333333332
2024,CHI,CHI24_P89,3,3,0,51,17
2024,CHI,CHI24_P90,4,3,1,50,16.666666666666668
2024,CHI,CHI24_P91,4,3,1,47,15.666666666666666
2024,CHI,CHI24_P92,3,3,0,47,15.666666666666666
2024,CHI,CHI24_P93,4,3,1,45,15
2024,CHI,CHI24_P94,3,3,0,42,14
2024,CHI,CHI24_P95,4,3,1,41,13.666666666666666
2024,CHI,CHI24_P96,3,3,0,41,13.666666666666666
2024,CHI,CHI24_P97,3,3,0,39,13
2024,CHI,CHI24_P98,4,3,1,39,13
2024,CHI,CHI24_P99,3,3,0,31,10.333333333333334
2024,CHI,CHI24_P100,3,3,0,31,10.333333333333334
2024,CHI,CHI24_P101,3,3,0,30,10
2024,CHI,CHI24_P102,4,3,1,28,9.333333333333334
2024,CHI,CHI24_P103,4,3,1,28,9.333333333333334
2024,CHI,CHI24_P104,4,3,1,23,7.666666666666667
2024,CHI,CHI24_P105,4,2,2,74,37
2024,CHI,CHI24_P106,3,2,1,67,33.5
2024,CHI,CHI24_P107,3,2,1,66,33
2024,CHI,CHI24_P108,4,2,2,48,24
2024,CHI,CHI24_P109,3,2,1,47,23.5
2024,CHI,CHI24_P110,6,2,4,47,23.5
2024,CHI,CHI24_P111,4,2,2,41,20.5
2024,CHI,CHI24_P112,2,2,0,39,19.5
2024,CHI,CHI24_P113,3,2,1,34,17
2024,CHI,CHI24_P114,3,2,1,29,14.5
2024,CHI,CHI24_P115,3,2,1,22,11
2024,CHI,CHI24_P116,3,2,1,21,10.5
2024,CHI,CHI24_P117,4,2,2,19,9.5
2024,CHI,CHI24_P118,5,2,3,17,8.5
2024,CHI,CHI24_P119,4,2,2,15,7.5
2024,CHI,CHI24_P120,3,2,1,12,6
2024,CHI,CHI24_P121,3,2,1,11,5.5
2024,CHI,CHI24_P122,4,2,2,10,5
2024,CHI,CHI24_P123,4,2,2,8,4
2024,CHI,CHI24_P124,2,1,1,32,32
2024,CHI,CHI24_P125,1,1,0,28,28
2024,CHI,CHI24_P126,1,1,0,23,23
2024,CHI,CHI24_P127,1,1,0,21,21
2024,CHI,CHI24_P128,1,1,0,19,19
2024,CHI,CHI24_P129,4,1,3,18,18
2024,CHI,CHI24_P130,2,1,1,18,18
2024,CHI,CHI24_P131,2,1,1,17,17
2024,CHI,CHI24_P132,1,1,0,17,17
2024,CHI,CHI24_P133,2,1,1,16,16
2024,CHI,CHI24_P134,1,1,0,15,15
2024,CHI,CHI24_P135,1,1,0,15,15
2024,CHI,CHI24_P136,1,1,0,13,13
2024,CHI,CHI24_P137,1,1,0,13,13
2024,CHI,CHI24_P138,4,1,3,13,13
2024,CHI,CHI24_P139,1,1,0,10,10
2024,CHI,CHI24_P140,1,1,0,9,9
2024,CHI,CHI24_P141,1,1,0,8,8
2024,CHI,CHI24_P142,2,1,1,7,7
2024,CHI,CHI24_P143,1,1,0,7,7
2024,CHI,CHI24_P144,1,1,0,6,6
2024,CHI,CHI24_P145,1,1,0,6,6
2024,CHI,CHI24_P146,2,1,1,4,4
2024,CHI,CHI24_P147,2,1,1,4,4
2024,CHI,CHI24_P148,1,1,0,3,3
2024,CHI,CHI24_P149,4,1,3,3,3
2024,CHI,CHI24_P150,1,1,0,3,3
2024,CHI,CHI24_P151,1,1,0,2,2
2024,CHI,CHI24_P152,3,1,2,2,2
2024,CHI,CHI24_P153,1,1,0,2,2
2024,CHI,CHI24_P154,1,1,0,1,1
2024,CHI,CHI24_P155,1,0,1,0,NA
2024,CHI,CHI24_P156,1,0,1,0,NA
2024,CHI,CHI24_P157,3,0,3,0,NA
2024,CHI,CHI24_P158,1,0,1,0,NA
2024,CHI,CHI24_P159,2,0,2,0,NA
2024,CHI,CHI24_P160,3,0,3,0,NA
2024,CHI,CHI24_P161,2,0,2,0,NA
2024,CHI,CHI24_P162,4,0,4,0,NA
2024,CHI,CHI24_P163,3,0,3,0,NA
2024,CHI,CHI24_P164,3,0,3,0,NA
2024,CHI,CHI24_P165,4,0,4,0,NA
2025,CHI,CHI25_P01,47,47,0,1129,24.02127659574468
2025,CHI,CHI25_P02,47,47,0,1015,21.595744680851062
2025,CHI,CHI25_P03,47,47,0,865,18.404255319148938
2025,CHI,CHI25_P04,47,46,1,947,20.58695652173913
2025,CHI,CHI25_P05,47,45,2,758,16.844444444444445
2025,CHI,CHI25_P06,43,43,0,1165,27.093023255813954
2025,CHI,CHI25_P07,47,37,10,1037,28.027027027027028
2025,CHI,CHI25_P08,47,33,14,1008,30.545454545454547
2025,CHI,CHI25_P09,46,32,14,407,12.71875
2025,CHI,CHI25_P10,47,29,18,379,13.068965517241379
2025,CHI,CHI25_P11,20,19,1,350,18.42105263157895
2025,CHI,CHI25_P12,42,9,33,228,25.333333333333332
2025,CHI,CHI25_P13,24,7,17,51,7.285714285714286
2025,CHI,CHI25_P14,6,6,0,190,31.666666666666668
2025,CHI,CHI25_P15,6,6,0,180,30
2025,CHI,CHI25_P16,6,6,0,167,27.833333333333332
2025,CHI,CHI25_P17,6,6,0,96,16
2025,CHI,CHI25_P18,7,6,1,92,15.333333333333334
2025,CHI,CHI25_P19,5,5,0,155,31
2025,CHI,CHI25_P20,5,5,0,149,29.8
2025,CHI,CHI25_P21,5,5,0,134,26.8
2025,CHI,CHI25_P22,6,5,1,132,26.4
2025,CHI,CHI25_P23,5,5,0,132,26.4
2025,CHI,CHI25_P24,5,5,0,108,21.6
2025,CHI,CHI25_P25,5,5,0,78,15.6
2025,CHI,CHI25_P26,5,5,0,48,9.6
2025,CHI,CHI25_P27,5,5,0,48,9.6
2025,CHI,CHI25_P28,4,4,0,137,34.25
2025,CHI,CHI25_P29,4,4,0,134,33.5
2025,CHI,CHI25_P30,4,4,0,134,33.5
2025,CHI,CHI25_P31,5,4,1,126,31.5
2025,CHI,CHI25_P32,4,4,0,119,29.75
2025,CHI,CHI25_P33,4,4,0,112,28
2025,CHI,CHI25_P34,4,4,0,112,28
2025,CHI,CHI25_P35,4,4,0,109,27.25
2025,CHI,CHI25_P36,4,4,0,103,25.75
2025,CHI,CHI25_P37,4,4,0,101,25.25
2025,CHI,CHI25_P38,4,4,0,101,25.25
2025,CHI,CHI25_P39,4,4,0,100,25
2025,CHI,CHI25_P40,4,4,0,99,24.75
2025,CHI,CHI25_P41,4,4,0,98,24.5
2025,CHI,CHI25_P42,4,4,0,97,24.25
2025,CHI,CHI25_P43,5,4,1,94,23.5
2025,CHI,CHI25_P44,4,4,0,94,23.5
2025,CHI,CHI25_P45,4,4,0,92,23
2025,CHI,CHI25_P46,4,4,0,86,21.5
2025,CHI,CHI25_P47,4,4,0,84,21
2025,CHI,CHI25_P48,4,4,0,83,20.75
2025,CHI,CHI25_P49,4,4,0,75,18.75
2025,CHI,CHI25_P50,4,4,0,69,17.25
2025,CHI,CHI25_P51,5,4,1,65,16.25
2025,CHI,CHI25_P52,4,4,0,63,15.75
2025,CHI,CHI25_P53,4,4,0,56,14
2025,CHI,CHI25_P54,4,4,0,50,12.5
2025,CHI,CHI25_P55,4,4,0,49,12.25
2025,CHI,CHI25_P56,4,4,0,45,11.25
2025,CHI,CHI25_P57,4,4,0,43,10.75
2025,CHI,CHI25_P58,5,4,1,38,9.5
2025,CHI,CHI25_P59,4,4,0,36,9
2025,CHI,CHI25_P60,4,4,0,33,8.25
2025,CHI,CHI25_P61,5,4,1,29,7.25
2025,CHI,CHI25_P62,6,4,2,15,3.75
2025,CHI,CHI25_P63,3,3,0,106,35.333333333333336
2025,CHI,CHI25_P64,3,3,0,105,35
2025,CHI,CHI25_P65,3,3,0,97,32.333333333333336
2025,CHI,CHI25_P66,3,3,0,93,31
2025,CHI,CHI25_P67,3,3,0,92,30.666666666666668
2025,CHI,CHI25_P68,3,3,0,92,30.666666666666668
2025,CHI,CHI25_P69,3,3,0,90,30
2025,CHI,CHI25_P70,3,3,0,88,29.333333333333332
2025,CHI,CHI25_P71,3,3,0,87,29
2025,CHI,CHI25_P72,3,3,0,86,28.666666666666668
2025,CHI,CHI25_P73,3,3,0,86,28.666666666666668
2025,CHI,CHI25_P74,4,3,1,85,28.333333333333332
2025,CHI,CHI25_P75,3,3,0,83,27.666666666666668
2025,CHI,CHI25_P76,4,3,1,81,27
2025,CHI,CHI25_P77,4,3,1,78,26
2025,CHI,CHI25_P78,4,3,1,76,25.333333333333332
2025,CHI,CHI25_P79,4,3,1,73,24.333333333333332
2025,CHI,CHI25_P80,3,3,0,73,24.333333333333332
2025,CHI,CHI25_P81,4,3,1,72,24
2025,CHI,CHI25_P82,3,3,0,70,23.333333333333332
2025,CHI,CHI25_P83,3,3,0,66,22
2025,CHI,CHI25_P84,4,3,1,65,21.666666666666668
2025,CHI,CHI25_P85,4,3,1,64,21.333333333333332
2025,CHI,CHI25_P86,4,3,1,64,21.333333333333332
2025,CHI,CHI25_P87,3,3,0,63,21
2025,CHI,CHI25_P88,4,3,1,63,21
2025,CHI,CHI25_P89,3,3,0,63,21
2025,CHI,CHI25_P90,4,3,1,57,19
2025,CHI,CHI25_P91,5,3,2,55,18.333333333333332
2025,CHI,CHI25_P92,3,3,0,55,18.333333333333332
2025,CHI,CHI25_P93,4,3,1,53,17.666666666666668
2025,CHI,CHI25_P94,3,3,0,52,17.333333333333332
2025,CHI,CHI25_P95,3,3,0,52,17.333333333333332
2025,CHI,CHI25_P96,4,3,1,51,17
2025,CHI,CHI25_P97,4,3,1,48,16
2025,CHI,CHI25_P98,3,3,0,48,16
2025,CHI,CHI25_P99,4,3,1,46,15.333333333333334
2025,CHI,CHI25_P100,3,3,0,44,14.666666666666666
2025,CHI,CHI25_P101,4,3,1,41,13.666666666666666
2025,CHI,CHI25_P102,3,3,0,40,13.333333333333334
2025,CHI,CHI25_P103,3,3,0,38,12.666666666666666
2025,CHI,CHI25_P104,4,3,1,37,12.333333333333334
2025,CHI,CHI25_P105,4,3,1,36,12
2025,CHI,CHI25_P106,4,3,1,35,11.666666666666666
2025,CHI,CHI25_P107,3,3,0,32,10.666666666666666
2025,CHI,CHI25_P108,3,3,0,30,10
2025,CHI,CHI25_P109,3,3,0,29,9.666666666666666
2025,CHI,CHI25_P110,3,3,0,28,9.333333333333334
2025,CHI,CHI25_P111,3,3,0,24,8
2025,CHI,CHI25_P112,3,3,0,18,6
2025,CHI,CHI25_P113,4,3,1,10,3.3333333333333335
2025,CHI,CHI25_P114,4,2,2,74,37
2025,CHI,CHI25_P115,2,2,0,72,36
2025,CHI,CHI25_P116,3,2,1,71,35.5
2025,CHI,CHI25_P117,3,2,1,69,34.5
2025,CHI,CHI25_P118,2,2,0,64,32
2025,CHI,CHI25_P119,2,2,0,64,32
2025,CHI,CHI25_P120,5,2,3,59,29.5
2025,CHI,CHI25_P121,3,2,1,54,27
2025,CHI,CHI25_P122,2,2,0,48,24
2025,CHI,CHI25_P123,4,2,2,48,24
2025,CHI,CHI25_P124,3,2,1,48,24
2025,CHI,CHI25_P125,3,2,1,47,23.5
2025,CHI,CHI25_P126,2,2,0,44,22
2025,CHI,CHI25_P127,6,2,4,42,21
2025,CHI,CHI25_P128,2,2,0,41,20.5
2025,CHI,CHI25_P129,2,2,0,39,19.5
2025,CHI,CHI25_P130,3,2,1,36,18
2025,CHI,CHI25_P131,4,2,2,35,17.5
2025,CHI,CHI25_P132,4,2,2,30,15
2025,CHI,CHI25_P133,2,2,0,29,14.5
2025,CHI,CHI25_P134,3,2,1,22,11
2025,CHI,CHI25_P135,2,2,0,21,10.5
2025,CHI,CHI25_P136,3,2,1,20,10
2025,CHI,CHI25_P137,3,2,1,19,9.5
2025,CHI,CHI25_P138,3,2,1,18,9
2025,CHI,CHI25_P139,2,2,0,18,9
2025,CHI,CHI25_P140,3,2,1,18,9
2025,CHI,CHI25_P141,2,2,0,15,7.5
2025,CHI,CHI25_P142,2,2,0,13,6.5
2025,CHI,CHI25_P143,3,2,1,12,6
2025,CHI,CHI25_P144,3,2,1,12,6
2025,CHI,CHI25_P145,5,1,4,32,32
2025,CHI,CHI25_P146,1,1,0,31,31
2025,CHI,CHI25_P147,3,1,2,30,30
2025,CHI,CHI25_P148,2,1,1,29,29
2025,CHI,CHI25_P149,1,1,0,29,29
2025,CHI,CHI25_P150,3,1,2,28,28
2025,CHI,CHI25_P151,1,1,0,23,23
2025,CHI,CHI25_P152,1,1,0,22,22
2025,CHI,CHI25_P153,1,1,0,22,22
2025,CHI,CHI25_P154,1,1,0,21,21
2025,CHI,CHI25_P155,1,1,0,21,21
2025,CHI,CHI25_P156,2,1,1,19,19
2025,CHI,CHI25_P157,1,1,0,18,18
2025,CHI,CHI25_P158,1,1,0,18,18
2025,CHI,CHI25_P159,1,1,0,17,17
2025,CHI,CHI25_P160,3,1,2,16,16
2025,CHI,CHI25_P161,1,1,0,16,16
2025,CHI,CHI25_P162,1,1,0,16,16
2025,CHI,CHI25_P163,1,1,0,15,15
2025,CHI,CHI25_P164,2,1,1,15,15
2025,CHI,CHI25_P165,1,1,0,14,14
2025,CHI,CHI25_P166,1,1,0,14,14
2025,CHI,CHI25_P167,1,1,0,13,13
2025,CHI,CHI25_P168,4,1,3,12,12
2025,CHI,CHI25_P169,4,1,3,12,12
2025,CHI,CHI25_P170,1,1,0,12,12
2025,CHI,CHI25_P171,1,1,0,11,11
2025,CHI,CHI25_P172,1,1,0,10,10
2025,CHI,CHI25_P173,2,1,1,8,8
2025,CHI,CHI25_P174,1,1,0,8,8
2025,CHI,CHI25_P175,3,1,2,8,8
2025,CHI,CHI25_P176,1,1,0,5,5
2025,CHI,CHI25_P177,1,1,0,5,5
2025,CHI,CHI25_P178,1,1,0,1,1
2025,CHI,CHI25_P179,3,0,3,0,NA
2025,CHI,CHI25_P180,2,0,2,0,NA
2025,CHI,CHI25_P181,1,0,1,0,NA
2025,CHI,CHI25_P182,1,0,1,0,NA
2025,CHI,CHI25_P183,1,0,1,0,NA
2025,CHI,CHI25_P184,1,0,1,0,NA
2025,CHI,CHI25_P185,1,0,1,0,NA
2025,CHI,CHI25_P186,1,0,1,0,NA
2025,CHI,CHI25_P187,3,0,3,0,NA
2025,CHI,CHI25_P188,1,0,1,0,NA
2025,CHI,CHI25_P189,1,0,1,0,NA
2025,CHI,CHI25_P190,4,0,4,0,NA
2025,CHI,CHI25_P191,1,0,1,0,NA
2025,CHI,CHI25_P192,2,0,2,0,NA
2025,CHI,CHI25_P193,2,0,2,0,NA
2025,CLA,CLA25_P01,1,1,0,25,25
2025,CLA,CLA25_P02,1,1,0,24,24
2025,CLA,CLA25_P03,1,1,0,23,23
2025,CLA,CLA25_P04,1,1,0,22,22
2025,CLA,CLA25_P05,1,1,0,22,22
2025,CLA,CLA25_P06,1,1,0,21,21
2025,CLA,CLA25_P07,1,1,0,21,21
2025,CLA,CLA25_P08,1,1,0,21,21
2025,CLA,CLA25_P09,1,1,0,21,21
2025,CLA,CLA25_P10,1,1,0,20,20
2025,CLA,CLA25_P11,1,1,0,19,19
2025,CLA,CLA25_P12,1,1,0,19,19
2025,CLA,CLA25_P13,1,1,0,19,19
2025,CLA,CLA25_P14,1,1,0,18,18
2025,CLA,CLA25_P15,1,1,0,17,17
2025,CLA,CLA25_P16,1,1,0,17,17
2025,CLA,CLA25_P17,1,1,0,16,16
2025,CLA,CLA25_P18,1,1,0,15,15
2025,CLA,CLA25_P19,1,1,0,13,13
2025,CLA,CLA25_P20,1,1,0,12,12
2025,CLA,CLA25_P21,1,1,0,12,12
2025,CLA,CLA25_P22,1,1,0,1,1
2025,CLA,CLA25_P23,1,0,1,0,NA
2025,CLA,CLA25_P24,1,0,1,0,NA
2025,CLA,CLA25_P25,1,0,1,0,NA
2025,COL,COL25_P01,1,1,0,25,25
2025,COL,COL25_P02,1,1,0,24,24
2025,COL,COL25_P03,1,1,0,23,23
2025,COL,COL25_P04,1,1,0,22,22
2025,COL,COL25_P05,1,1,0,22,22
2025,COL,COL25_P06,1,1,0,21,21
2025,COL,COL25_P07,1,1,0,21,21
2025,COL,COL25_P08,1,1,0,21,21
2025,COL,COL25_P09,1,1,0,21,21
2025,COL,COL25_P10,1,1,0,20,20
2025,COL,COL25_P11,1,1,0,19,19
2025,COL,COL25_P12,1,1,0,19,19
2025,COL,COL25_P13,1,1,0,19,19
2025,COL,COL25_P14,1,1,0,18,18
2025,COL,COL25_P15,1,1,0,17,17
2025,COL,COL25_P16,1,1,0,17,17
2025,COL,COL25_P17,1,1,0,16,16
2025,COL,COL25_P18,1,1,0,15,15
2025,COL,COL25_P19,1,1,0,13,13
2025,COL,COL25_P20,1,1,0,12,12
2025,COL,COL25_P21,1,1,0,12,12
2025,COL,COL25_P22,1,1,0,1,1
2025,COL,COL25_P23,1,0,1,0,NA
2025,COL,COL25_P24,1,0,1,0,NA
2025,COL,COL25_P25,1,0,1,0,NA
2024,CON,CON24_P01,48,48,0,1585,33.020833333333336
2024,CON,CON24_P02,48,48,0,1528,31.833333333333332
2024,CON,CON24_P03,48,48,0,1238,25.791666666666668
2024,CON,CON24_P04,47,47,0,1403,29.851063829787233
2024,CON,CON24_P05,48,45,3,1230,27.333333333333332
2024,CON,CON24_P06,48,45,3,525,11.666666666666666
2024,CON,CON24_P07,38,38,0,530,13.947368421052632
2024,CON,CON24_P08,25,25,0,742,29.68
2024,CON,CON24_P09,43,25,18,412,16.48
2024,CON,CON24_P10,27,24,3,325,13.541666666666666
2024,CON,CON24_P11,48,23,25,110,4.782608695652174
2024,CON,CON24_P12,25,11,14,79,7.181818181818182
2024,CON,CON24_P13,9,9,0,140,15.555555555555555
2024,CON,CON24_P14,23,9,14,17,1.8888888888888888
2024,CON,CON24_P15,8,8,0,292,36.5
2024,CON,CON24_P16,8,8,0,287,35.875
2024,CON,CON24_P17,8,8,0,254,31.75
2024,CON,CON24_P18,8,8,0,247,30.875
2024,CON,CON24_P19,8,8,0,223,27.875
2024,CON,CON24_P20,8,8,0,103,12.875
2024,CON,CON24_P21,8,7,1,75,10.714285714285714
2024,CON,CON24_P22,6,6,0,195,32.5
2024,CON,CON24_P23,6,6,0,195,32.5
2024,CON,CON24_P24,6,6,0,184,30.666666666666668
2024,CON,CON24_P25,6,6,0,105,17.5
2024,CON,CON24_P26,6,6,0,95,15.833333333333334
2024,CON,CON24_P27,5,5,0,159,31.8
2024,CON,CON24_P28,5,5,0,157,31.4
2024,CON,CON24_P29,5,5,0,111,22.2
2024,CON,CON24_P30,6,5,1,100,20
2024,CON,CON24_P31,12,5,7,19,3.8
2024,CON,CON24_P32,4,4,0,131,32.75
2024,CON,CON24_P33,4,4,0,131,32.75
2024,CON,CON24_P34,4,4,0,127,31.75
2024,CON,CON24_P35,4,4,0,126,31.5
2024,CON,CON24_P36,5,4,1,121,30.25
2024,CON,CON24_P37,4,4,0,120,30
2024,CON,CON24_P38,4,4,0,119,29.75
2024,CON,CON24_P39,4,4,0,118,29.5
2024,CON,CON24_P40,5,4,1,115,28.75
2024,CON,CON24_P41,6,4,2,111,27.75
2024,CON,CON24_P42,4,4,0,108,27
2024,CON,CON24_P43,5,4,1,99,24.75
2024,CON,CON24_P44,4,4,0,88,22
2024,CON,CON24_P45,4,4,0,87,21.75
2024,CON,CON24_P46,4,4,0,87,21.75
2024,CON,CON24_P47,4,4,0,87,21.75
2024,CON,CON24_P48,4,4,0,86,21.5
2024,CON,CON24_P49,4,4,0,79,19.75
2024,CON,CON24_P50,4,4,0,79,19.75
2024,CON,CON24_P51,4,4,0,78,19.5
2024,CON,CON24_P52,4,4,0,78,19.5
2024,CON,CON24_P53,4,4,0,75,18.75
2024,CON,CON24_P54,4,4,0,72,18
2024,CON,CON24_P55,6,4,2,70,17.5
2024,CON,CON24_P56,4,4,0,65,16.25
2024,CON,CON24_P57,6,4,2,61,15.25
2024,CON,CON24_P58,4,4,0,59,14.75
2024,CON,CON24_P59,9,4,5,58,14.5
2024,CON,CON24_P60,4,4,0,54,13.5
2024,CON,CON24_P61,5,4,1,53,13.25
2024,CON,CON24_P62,4,4,0,52,13
2024,CON,CON24_P63,5,4,1,37,9.25
2024,CON,CON24_P64,7,4,3,34,8.5
2024,CON,CON24_P65,8,4,4,25,6.25
2024,CON,CON24_P66,3,3,0,112,37.333333333333336
2024,CON,CON24_P67,3,3,0,106,35.333333333333336
2024,CON,CON24_P68,4,3,1,106,35.333333333333336
2024,CON,CON24_P69,3,3,0,105,35
2024,CON,CON24_P70,4,3,1,101,33.666666666666664
2024,CON,CON24_P71,3,3,0,100,33.333333333333336
2024,CON,CON24_P72,3,3,0,100,33.333333333333336
2024,CON,CON24_P73,3,3,0,94,31.333333333333332
2024,CON,CON24_P74,4,3,1,93,31
2024,CON,CON24_P75,3,3,0,87,29
2024,CON,CON24_P76,3,3,0,81,27
2024,CON,CON24_P77,3,3,0,81,27
2024,CON,CON24_P78,4,3,1,80,26.666666666666668
2024,CON,CON24_P79,4,3,1,76,25.333333333333332
2024,CON,CON24_P80,3,3,0,75,25
2024,CON,CON24_P81,3,3,0,71,23.666666666666668
2024,CON,CON24_P82,4,3,1,71,23.666666666666668
2024,CON,CON24_P83,4,3,1,71,23.666666666666668
2024,CON,CON24_P84,3,3,0,69,23
2024,CON,CON24_P85,3,3,0,67,22.333333333333332
2024,CON,CON24_P86,3,3,0,65,21.666666666666668
2024,CON,CON24_P87,3,3,0,63,21
2024,CON,CON24_P88,4,3,1,59,19.666666666666668
2024,CON,CON24_P89,3,3,0,57,19
2024,CON,CON24_P90,3,3,0,56,18.666666666666668
2024,CON,CON24_P91,4,3,1,55,18.333333333333332
2024,CON,CON24_P92,3,3,0,50,16.666666666666668
2024,CON,CON24_P93,3,3,0,49,16.333333333333332
2024,CON,CON24_P94,3,3,0,47,15.666666666666666
2024,CON,CON24_P95,4,3,1,46,15.333333333333334
2024,CON,CON24_P96,4,3,1,46,15.333333333333334
2024,CON,CON24_P97,3,3,0,45,15
2024,CON,CON24_P98,3,3,0,43,14.333333333333334
2024,CON,CON24_P99,4,3,1,43,14.333333333333334
2024,CON,CON24_P100,3,3,0,39,13
2024,CON,CON24_P101,4,3,1,38,12.666666666666666
2024,CON,CON24_P102,3,3,0,32,10.666666666666666
2024,CON,CON24_P103,6,3,3,32,10.666666666666666
2024,CON,CON24_P104,3,3,0,32,10.666666666666666
2024,CON,CON24_P105,3,3,0,30,10
2024,CON,CON24_P106,4,3,1,22,7.333333333333333
2024,CON,CON24_P107,4,3,1,21,7
2024,CON,CON24_P108,3,3,0,15,5
2024,CON,CON24_P109,7,3,4,13,4.333333333333333
2024,CON,CON24_P110,3,3,0,12,4
2024,CON,CON24_P111,3,3,0,10,3.3333333333333335
2024,CON,CON24_P112,3,3,0,7,2.3333333333333335
2024,CON,CON24_P113,2,2,0,73,36.5
2024,CON,CON24_P114,4,2,2,67,33.5
2024,CON,CON24_P115,4,2,2,67,33.5
2024,CON,CON24_P116,3,2,1,63,31.5
2024,CON,CON24_P117,4,2,2,58,29
2024,CON,CON24_P118,2,2,0,50,25
2024,CON,CON24_P119,3,2,1,32,16
2024,CON,CON24_P120,4,2,2,28,14
2024,CON,CON24_P121,4,2,2,27,13.5
2024,CON,CON24_P122,2,2,0,25,12.5
2024,CON,CON24_P123,4,2,2,20,10
2024,CON,CON24_P124,5,2,3,19,9.5
2024,CON,CON24_P125,4,2,2,15,7.5
2024,CON,CON24_P126,4,2,2,14,7
2024,CON,CON24_P127,2,2,0,10,5
2024,CON,CON24_P128,3,2,1,9,4.5
2024,CON,CON24_P129,6,2,4,5,2.5
2024,CON,CON24_P130,4,1,3,37,37
2024,CON,CON24_P131,2,1,1,36,36
2024,CON,CON24_P132,2,1,1,35,35
2024,CON,CON24_P133,1,1,0,31,31
2024,CON,CON24_P134,3,1,2,28,28
2024,CON,CON24_P135,4,1,3,25,25
2024,CON,CON24_P136,1,1,0,24,24
2024,CON,CON24_P137,2,1,1,20,20
2024,CON,CON24_P138,1,1,0,19,19
2024,CON,CON24_P139,4,1,3,19,19
2024,CON,CON24_P140,3,1,2,13,13
2024,CON,CON24_P141,2,1,1,11,11
2024,CON,CON24_P142,5,1,4,11,11
2024,CON,CON24_P143,1,1,0,10,10
2024,CON,CON24_P144,1,1,0,10,10
2024,CON,CON24_P145,1,1,0,9,9
2024,CON,CON24_P146,1,1,0,8,8
2024,CON,CON24_P147,2,1,1,8,8
2024,CON,CON24_P148,1,1,0,8,8
2024,CON,CON24_P149,1,1,0,7,7
2024,CON,CON24_P150,1,1,0,6,6
2024,CON,CON24_P151,1,1,0,6,6
2024,CON,CON24_P152,2,1,1,4,4
2024,CON,CON24_P153,1,1,0,4,4
2024,CON,CON24_P154,8,1,7,4,4
2024,CON,CON24_P155,1,1,0,3,3
2024,CON,CON24_P156,1,1,0,3,3
2024,CON,CON24_P157,2,1,1,1,1
2024,CON,CON24_P158,2,0,2,0,NA
2024,CON,CON24_P159,1,0,1,0,NA
2024,CON,CON24_P160,3,0,3,0,NA
2024,CON,CON24_P161,3,0,3,0,NA
2025,CON,CON25_P01,45,45,0,1269,28.2
2025,CON,CON25_P02,46,42,4,1099,26.166666666666668
2025,CON,CON25_P03,46,41,5,776,18.926829268292682
2025,CON,CON25_P04,45,39,6,830,21.28205128205128
2025,CON,CON25_P05,43,38,5,867,22.81578947368421
2025,CON,CON25_P06,45,36,9,1122,31.166666666666668
2025,CON,CON25_P07,45,35,10,423,12.085714285714285
2025,CON,CON25_P08,45,33,12,487,14.757575757575758
2025,CON,CON25_P09,32,30,2,716,23.866666666666667
2025,CON,CON25_P10,30,25,5,665,26.6
2025,CON,CON25_P11,22,18,4,149,8.277777777777779
2025,CON,CON25_P12,46,17,29,104,6.117647058823529
2025,CON,CON25_P13,18,16,2,275,17.1875
2025,CON,CON25_P14,19,15,4,124,8.266666666666667
2025,CON,CON25_P15,13,10,3,131,13.1
2025,CON,CON25_P16,9,8,1,109,13.625
2025,CON,CON25_P17,7,7,0,118,16.857142857142858
2025,CON,CON25_P18,5,5,0,163,32.6
2025,CON,CON25_P19,5,5,0,148,29.6
2025,CON,CON25_P20,5,5,0,147,29.4
2025,CON,CON25_P21,5,5,0,141,28.2
2025,CON,CON25_P22,5,5,0,138,27.6
2025,CON,CON25_P23,5,5,0,136,27.2
2025,CON,CON25_P24,5,5,0,132,26.4
2025,CON,CON25_P25,5,5,0,126,25.2
2025,CON,CON25_P26,5,5,0,117,23.4
2025,CON,CON25_P27,5,5,0,107,21.4
2025,CON,CON25_P28,5,5,0,88,17.6
2025,CON,CON25_P29,5,5,0,74,14.8
2025,CON,CON25_P30,5,5,0,74,14.8
2025,CON,CON25_P31,5,5,0,64,12.8
2025,CON,CON25_P32,5,5,0,32,6.4
2025,CON,CON25_P33,5,5,0,13,2.6
2025,CON,CON25_P34,4,4,0,137,34.25
2025,CON,CON25_P35,5,4,1,129,32.25
2025,CON,CON25_P36,4,4,0,122,30.5
2025,CON,CON25_P37,4,4,0,117,29.25
2025,CON,CON25_P38,4,4,0,117,29.25
2025,CON,CON25_P39,4,4,0,117,29.25
2025,CON,CON25_P40,4,4,0,116,29
2025,CON,CON25_P41,4,4,0,116,29
2025,CON,CON25_P42,5,4,1,113,28.25
2025,CON,CON25_P43,4,4,0,109,27.25
2025,CON,CON25_P44,4,4,0,109,27.25
2025,CON,CON25_P45,4,4,0,105,26.25
2025,CON,CON25_P46,4,4,0,103,25.75
2025,CON,CON25_P47,5,4,1,102,25.5
2025,CON,CON25_P48,4,4,0,101,25.25
2025,CON,CON25_P49,4,4,0,98,24.5
2025,CON,CON25_P50,5,4,1,96,24
2025,CON,CON25_P51,4,4,0,92,23
2025,CON,CON25_P52,4,4,0,88,22
2025,CON,CON25_P53,4,4,0,85,21.25
2025,CON,CON25_P54,4,4,0,84,21
2025,CON,CON25_P55,4,4,0,80,20
2025,CON,CON25_P56,4,4,0,80,20
2025,CON,CON25_P57,4,4,0,73,18.25
2025,CON,CON25_P58,4,4,0,72,18
2025,CON,CON25_P59,4,4,0,71,17.75
2025,CON,CON25_P60,4,4,0,71,17.75
2025,CON,CON25_P61,4,4,0,68,17
2025,CON,CON25_P62,4,4,0,64,16
2025,CON,CON25_P63,4,4,0,63,15.75
2025,CON,CON25_P64,4,4,0,61,15.25
2025,CON,CON25_P65,5,4,1,61,15.25
2025,CON,CON25_P66,4,4,0,59,14.75
2025,CON,CON25_P67,5,4,1,57,14.25
2025,CON,CON25_P68,4,4,0,57,14.25
2025,CON,CON25_P69,4,4,0,55,13.75
2025,CON,CON25_P70,4,4,0,54,13.5
2025,CON,CON25_P71,4,4,0,48,12
2025,CON,CON25_P72,4,4,0,46,11.5
2025,CON,CON25_P73,3,3,0,98,32.666666666666664
2025,CON,CON25_P74,4,3,1,98,32.666666666666664
2025,CON,CON25_P75,3,3,0,97,32.333333333333336
2025,CON,CON25_P76,3,3,0,95,31.666666666666668
2025,CON,CON25_P77,3,3,0,92,30.666666666666668
2025,CON,CON25_P78,3,3,0,90,30
2025,CON,CON25_P79,3,3,0,88,29.333333333333332
2025,CON,CON25_P80,3,3,0,85,28.333333333333332
2025,CON,CON25_P81,3,3,0,85,28.333333333333332
2025,CON,CON25_P82,3,3,0,83,27.666666666666668
2025,CON,CON25_P83,3,3,0,80,26.666666666666668
2025,CON,CON25_P84,3,3,0,80,26.666666666666668
2025,CON,CON25_P85,3,3,0,80,26.666666666666668
2025,CON,CON25_P86,3,3,0,76,25.333333333333332
2025,CON,CON25_P87,4,3,1,75,25
2025,CON,CON25_P88,5,3,2,71,23.666666666666668
2025,CON,CON25_P89,3,3,0,70,23.333333333333332
2025,CON,CON25_P90,3,3,0,68,22.666666666666668
2025,CON,CON25_P91,3,3,0,67,22.333333333333332
2025,CON,CON25_P92,3,3,0,65,21.666666666666668
2025,CON,CON25_P93,4,3,1,61,20.333333333333332
2025,CON,CON25_P94,3,3,0,61,20.333333333333332
2025,CON,CON25_P95,3,3,0,61,20.333333333333332
2025,CON,CON25_P96,3,3,0,60,20
2025,CON,CON25_P97,3,3,0,57,19
2025,CON,CON25_P98,4,3,1,56,18.666666666666668
2025,CON,CON25_P99,3,3,0,54,18
2025,CON,CON25_P100,3,3,0,52,17.333333333333332
2025,CON,CON25_P101,3,3,0,51,17
2025,CON,CON25_P102,3,3,0,48,16
2025,CON,CON25_P103,3,3,0,48,16
2025,CON,CON25_P104,3,3,0,41,13.666666666666666
2025,CON,CON25_P105,3,3,0,39,13
2025,CON,CON25_P106,4,3,1,39,13
2025,CON,CON25_P107,3,3,0,39,13
2025,CON,CON25_P108,3,3,0,38,12.666666666666666
2025,CON,CON25_P109,3,3,0,37,12.333333333333334
2025,CON,CON25_P110,4,3,1,34,11.333333333333334
2025,CON,CON25_P111,4,3,1,34,11.333333333333334
2025,CON,CON25_P112,3,3,0,34,11.333333333333334
2025,CON,CON25_P113,5,3,2,34,11.333333333333334
2025,CON,CON25_P114,4,3,1,20,6.666666666666667
2025,CON,CON25_P115,4,3,1,14,4.666666666666667
2025,CON,CON25_P116,2,2,0,72,36
2025,CON,CON25_P117,2,2,0,67,33.5
2025,CON,CON25_P118,2,2,0,64,32
2025,CON,CON25_P119,3,2,1,57,28.5
2025,CON,CON25_P120,4,2,2,57,28.5
2025,CON,CON25_P121,3,2,1,56,28
2025,CON,CON25_P122,3,2,1,52,26
2025,CON,CON25_P123,3,2,1,48,24
2025,CON,CON25_P124,2,2,0,47,23.5
2025,CON,CON25_P125,3,2,1,47,23.5
2025,CON,CON25_P126,5,2,3,44,22
2025,CON,CON25_P127,2,2,0,43,21.5
2025,CON,CON25_P128,3,2,1,42,21
2025,CON,CON25_P129,2,2,0,40,20
2025,CON,CON25_P130,3,2,1,38,19
2025,CON,CON25_P131,3,2,1,35,17.5
2025,CON,CON25_P132,5,2,3,32,16
2025,CON,CON25_P133,2,2,0,31,15.5
2025,CON,CON25_P134,2,2,0,27,13.5
2025,CON,CON25_P135,2,2,0,27,13.5
2025,CON,CON25_P136,2,2,0,27,13.5
2025,CON,CON25_P137,2,2,0,26,13
2025,CON,CON25_P138,2,2,0,23,11.5
2025,CON,CON25_P139,2,2,0,22,11
2025,CON,CON25_P140,4,2,2,20,10
2025,CON,CON25_P141,2,2,0,17,8.5
2025,CON,CON25_P142,2,2,0,17,8.5
2025,CON,CON25_P143,3,2,1,14,7
2025,CON,CON25_P144,3,2,1,11,5.5
2025,CON,CON25_P145,3,2,1,10,5
2025,CON,CON25_P146,2,2,0,9,4.5
2025,CON,CON25_P147,3,2,1,9,4.5
2025,CON,CON25_P148,3,2,1,9,4.5
2025,CON,CON25_P149,2,2,0,8,4
2025,CON,CON25_P150,1,1,0,42,42
2025,CON,CON25_P151,1,1,0,29,29
2025,CON,CON25_P152,3,1,2,23,23
2025,CON,CON25_P153,2,1,1,22,22
2025,CON,CON25_P154,2,1,1,20,20
2025,CON,CON25_P155,5,1,4,19,19
2025,CON,CON25_P156,3,1,2,17,17
2025,CON,CON25_P157,1,1,0,16,16
2025,CON,CON25_P158,1,1,0,12,12
2025,CON,CON25_P159,1,1,0,12,12
2025,CON,CON25_P160,4,1,3,11,11
2025,CON,CON25_P161,2,1,1,10,10
2025,CON,CON25_P162,1,1,0,8,8
2025,CON,CON25_P163,2,1,1,8,8
2025,CON,CON25_P164,1,1,0,8,8
2025,CON,CON25_P165,1,1,0,8,8
2025,CON,CON25_P166,1,1,0,7,7
2025,CON,CON25_P167,3,1,2,6,6
2025,CON,CON25_P168,1,1,0,5,5
2025,CON,CON25_P169,1,1,0,5,5
2025,CON,CON25_P170,1,1,0,4,4
2025,CON,CON25_P171,1,1,0,4,4
2025,CON,CON25_P172,1,1,0,3,3
2025,CON,CON25_P173,4,1,3,3,3
2025,CON,CON25_P174,1,1,0,3,3
2025,CON,CON25_P175,1,0,1,0,NA
2025,CON,CON25_P176,1,0,1,0,NA
2025,CON,CON25_P177,1,0,1,0,NA
2025,CON,CON25_P178,2,0,2,0,NA
2025,CON,CON25_P179,1,0,1,0,NA
2025,CON,CON25_P180,4,0,4,0,NA
2025,CON,CON25_P181,1,0,1,0,NA
2025,CON,CON25_P182,1,0,1,0,NA
2025,CON,CON25_P183,4,0,4,0,NA
2025,CON,CON25_P184,1,0,1,0,NA
2025,CON,CON25_P185,4,0,4,0,NA
2024,DAL,DAL24_P01,41,41,0,944,23.024390243902438
2024,DAL,DAL24_P02,41,41,0,837,20.414634146341463
2024,DAL,DAL24_P03,40,40,0,1004,25.1
2024,DAL,DAL24_P04,41,40,1,531,13.275
2024,DAL,DAL24_P05,40,39,1,1504,38.56410256410256
2024,DAL,DAL24_P06,32,28,4,851,30.392857142857142
2024,DAL,DAL24_P07,33,28,5,659,23.535714285714285
2024,DAL,DAL24_P08,40,25,15,128,5.12
2024,DAL,DAL24_P09,24,24,0,609,25.375
2024,DAL,DAL24_P10,34,23,11,180,7.826086956521739
2024,DAL,DAL24_P11,24,15,9,511,34.06666666666667
2024,DAL,DAL24_P12,26,15,11,171,11.4
2024,DAL,DAL24_P13,10,10,0,338,33.8
2024,DAL,DAL24_P14,4,4,0,146,36.5
2024,DAL,DAL24_P15,4,4,0,145,36.25
2024,DAL,DAL24_P16,4,4,0,144,36
2024,DAL,DAL24_P17,4,4,0,141,35.25
2024,DAL,DAL24_P18,4,4,0,134,33.5
2024,DAL,DAL24_P19,4,4,0,133,33.25
2024,DAL,DAL24_P20,4,4,0,128,32
2024,DAL,DAL24_P21,4,4,0,126,31.5
2024,DAL,DAL24_P22,4,4,0,125,31.25
2024,DAL,DAL24_P23,4,4,0,123,30.75
2024,DAL,DAL24_P24,4,4,0,118,29.5
2024,DAL,DAL24_P25,4,4,0,114,28.5
2024,DAL,DAL24_P26,4,4,0,111,27.75
2024,DAL,DAL24_P27,4,4,0,108,27
2024,DAL,DAL24_P28,4,4,0,107,26.75
2024,DAL,DAL24_P29,4,4,0,106,26.5
2024,DAL,DAL24_P30,4,4,0,106,26.5
2024,DAL,DAL24_P31,4,4,0,103,25.75
2024,DAL,DAL24_P32,4,4,0,101,25.25
2024,DAL,DAL24_P33,4,4,0,100,25
2024,DAL,DAL24_P34,4,4,0,99,24.75
2024,DAL,DAL24_P35,4,4,0,98,24.5
2024,DAL,DAL24_P36,4,4,0,97,24.25
2024,DAL,DAL24_P37,4,4,0,90,22.5
2024,DAL,DAL24_P38,4,4,0,89,22.25
2024,DAL,DAL24_P39,4,4,0,87,21.75
2024,DAL,DAL24_P40,4,4,0,86,21.5
2024,DAL,DAL24_P41,4,4,0,85,21.25
2024,DAL,DAL24_P42,4,4,0,79,19.75
2024,DAL,DAL24_P43,4,4,0,78,19.5
2024,DAL,DAL24_P44,4,4,0,73,18.25
2024,DAL,DAL24_P45,4,4,0,73,18.25
2024,DAL,DAL24_P46,4,4,0,72,18
2024,DAL,DAL24_P47,4,4,0,72,18
2024,DAL,DAL24_P48,4,4,0,68,17
2024,DAL,DAL24_P49,4,4,0,67,16.75
2024,DAL,DAL24_P50,4,4,0,65,16.25
2024,DAL,DAL24_P51,4,4,0,63,15.75
2024,DAL,DAL24_P52,4,4,0,62,15.5
2024,DAL,DAL24_P53,4,4,0,58,14.5
2024,DAL,DAL24_P54,4,4,0,57,14.25
2024,DAL,DAL24_P55,4,4,0,55,13.75
2024,DAL,DAL24_P56,5,4,1,52,13
2024,DAL,DAL24_P57,4,4,0,49,12.25
2024,DAL,DAL24_P58,4,4,0,46,11.5
2024,DAL,DAL24_P59,4,4,0,44,11
2024,DAL,DAL24_P60,4,4,0,33,8.25
2024,DAL,DAL24_P61,5,4,1,27,6.75
2024,DAL,DAL24_P62,4,4,0,25,6.25
2024,DAL,DAL24_P63,4,4,0,17,4.25
2024,DAL,DAL24_P64,3,3,0,114,38
2024,DAL,DAL24_P65,4,3,1,103,34.333333333333336
2024,DAL,DAL24_P66,3,3,0,103,34.333333333333336
2024,DAL,DAL24_P67,3,3,0,103,34.333333333333336
2024,DAL,DAL24_P68,3,3,0,102,34
2024,DAL,DAL24_P69,3,3,0,102,34
2024,DAL,DAL24_P70,3,3,0,99,33
2024,DAL,DAL24_P71,4,3,1,99,33
2024,DAL,DAL24_P72,3,3,0,97,32.333333333333336
2024,DAL,DAL24_P73,3,3,0,96,32
2024,DAL,DAL24_P74,3,3,0,85,28.333333333333332
2024,DAL,DAL24_P75,3,3,0,83,27.666666666666668
2024,DAL,DAL24_P76,3,3,0,83,27.666666666666668
2024,DAL,DAL24_P77,4,3,1,80,26.666666666666668
2024,DAL,DAL24_P78,4,3,1,80,26.666666666666668
2024,DAL,DAL24_P79,3,3,0,75,25
2024,DAL,DAL24_P80,3,3,0,74,24.666666666666668
2024,DAL,DAL24_P81,3,3,0,74,24.666666666666668
2024,DAL,DAL24_P82,3,3,0,71,23.666666666666668
2024,DAL,DAL24_P83,3,3,0,67,22.333333333333332
2024,DAL,DAL24_P84,3,3,0,67,22.333333333333332
2024,DAL,DAL24_P85,3,3,0,66,22
2024,DAL,DAL24_P86,4,3,1,57,19
2024,DAL,DAL24_P87,3,3,0,55,18.333333333333332
2024,DAL,DAL24_P88,3,3,0,54,18
2024,DAL,DAL24_P89,3,3,0,49,16.333333333333332
2024,DAL,DAL24_P90,3,3,0,48,16
2024,DAL,DAL24_P91,3,3,0,47,15.666666666666666
2024,DAL,DAL24_P92,3,3,0,45,15
2024,DAL,DAL24_P93,3,3,0,42,14
2024,DAL,DAL24_P94,3,3,0,41,13.666666666666666
2024,DAL,DAL24_P95,3,3,0,40,13.333333333333334
2024,DAL,DAL24_P96,3,3,0,39,13
2024,DAL,DAL24_P97,3,3,0,38,12.666666666666666
2024,DAL,DAL24_P98,3,3,0,37,12.333333333333334
2024,DAL,DAL24_P99,3,3,0,36,12
2024,DAL,DAL24_P100,4,3,1,35,11.666666666666666
2024,DAL,DAL24_P101,4,3,1,35,11.666666666666666
2024,DAL,DAL24_P102,4,3,1,34,11.333333333333334
2024,DAL,DAL24_P103,4,3,1,31,10.333333333333334
2024,DAL,DAL24_P104,3,3,0,27,9
2024,DAL,DAL24_P105,4,3,1,26,8.666666666666666
2024,DAL,DAL24_P106,4,3,1,26,8.666666666666666
2024,DAL,DAL24_P107,3,3,0,16,5.333333333333333
2024,DAL,DAL24_P108,4,3,1,11,3.6666666666666665
2024,DAL,DAL24_P109,2,2,0,78,39
2024,DAL,DAL24_P110,2,2,0,69,34.5
2024,DAL,DAL24_P111,4,2,2,66,33
2024,DAL,DAL24_P112,2,2,0,62,31
2024,DAL,DAL24_P113,2,2,0,57,28.5
2024,DAL,DAL24_P114,2,2,0,54,27
2024,DAL,DAL24_P115,2,2,0,53,26.5
2024,DAL,DAL24_P116,4,2,2,51,25.5
2024,DAL,DAL24_P117,2,2,0,50,25
2024,DAL,DAL24_P118,2,2,0,50,25
2024,DAL,DAL24_P119,2,2,0,48,24
2024,DAL,DAL24_P120,4,2,2,47,23.5
2024,DAL,DAL24_P121,2,2,0,31,15.5
2024,DAL,DAL24_P122,3,2,1,26,13
2024,DAL,DAL24_P123,2,2,0,25,12.5
2024,DAL,DAL24_P124,3,2,1,24,12
2024,DAL,DAL24_P125,2,2,0,22,11
2024,DAL,DAL24_P126,4,2,2,19,9.5
2024,DAL,DAL24_P127,3,2,1,18,9
2024,DAL,DAL24_P128,2,2,0,16,8
2024,DAL,DAL24_P129,4,2,2,12,6
2024,DAL,DAL24_P130,3,2,1,11,5.5
2024,DAL,DAL24_P131,4,2,2,10,5
2024,DAL,DAL24_P132,2,2,0,7,3.5
2024,DAL,DAL24_P133,1,1,0,41,41
2024,DAL,DAL24_P134,1,1,0,32,32
2024,DAL,DAL24_P135,2,1,1,21,21
2024,DAL,DAL24_P136,2,1,1,19,19
2024,DAL,DAL24_P137,1,1,0,17,17
2024,DAL,DAL24_P138,2,1,1,15,15
2024,DAL,DAL24_P139,4,1,3,13,13
2024,DAL,DAL24_P140,4,1,3,11,11
2024,DAL,DAL24_P141,1,1,0,7,7
2024,DAL,DAL24_P142,4,1,3,5,5
2024,DAL,DAL24_P143,4,1,3,5,5
2024,DAL,DAL24_P144,1,1,0,4,4
2024,DAL,DAL24_P145,3,1,2,3,3
2024,DAL,DAL24_P146,3,1,2,3,3
2024,DAL,DAL24_P147,2,1,1,2,2
2024,DAL,DAL24_P148,1,1,0,2,2
2024,DAL,DAL24_P149,1,1,0,1,1
2024,DAL,DAL24_P150,1,0,1,0,NA
2024,DAL,DAL24_P151,1,0,1,0,NA
2025,DAL,DAL25_P01,44,42,2,914,21.761904761904763
2025,DAL,DAL25_P02,45,40,5,706,17.65
2025,DAL,DAL25_P03,39,38,1,1243,32.71052631578947
2025,DAL,DAL25_P04,40,35,5,570,16.285714285714285
2025,DAL,DAL25_P05,38,31,7,1010,32.58064516129032
2025,DAL,DAL25_P06,35,28,7,735,26.25
2025,DAL,DAL25_P07,36,28,8,626,22.357142857142858
2025,DAL,DAL25_P08,29,24,5,546,22.75
2025,DAL,DAL25_P09,28,24,4,459,19.125
2025,DAL,DAL25_P10,27,23,4,546,23.73913043478261
2025,DAL,DAL25_P11,23,23,0,448,19.47826086956522
2025,DAL,DAL25_P12,22,21,1,350,16.666666666666668
2025,DAL,DAL25_P13,23,19,4,245,12.894736842105264
2025,DAL,DAL25_P14,21,18,3,403,22.38888888888889
2025,DAL,DAL25_P15,18,18,0,216,12
2025,DAL,DAL25_P16,8,8,0,157,19.625
2025,DAL,DAL25_P17,5,5,0,147,29.4
2025,DAL,DAL25_P18,5,5,0,137,27.4
2025,DAL,DAL25_P19,5,5,0,123,24.6
2025,DAL,DAL25_P20,5,5,0,92,18.4
2025,DAL,DAL25_P21,20,5,15,82,16.4
2025,DAL,DAL25_P22,4,4,0,147,36.75
2025,DAL,DAL25_P23,4,4,0,129,32.25
2025,DAL,DAL25_P24,4,4,0,129,32.25
2025,DAL,DAL25_P25,4,4,0,125,31.25
2025,DAL,DAL25_P26,4,4,0,122,30.5
2025,DAL,DAL25_P27,4,4,0,121,30.25
2025,DAL,DAL25_P28,4,4,0,121,30.25
2025,DAL,DAL25_P29,4,4,0,121,30.25
2025,DAL,DAL25_P30,4,4,0,120,30
2025,DAL,DAL25_P31,4,4,0,118,29.5
2025,DAL,DAL25_P32,4,4,0,117,29.25
2025,DAL,DAL25_P33,4,4,0,116,29
2025,DAL,DAL25_P34,4,4,0,115,28.75
2025,DAL,DAL25_P35,4,4,0,114,28.5
2025,DAL,DAL25_P36,4,4,0,110,27.5
2025,DAL,DAL25_P37,4,4,0,109,27.25
2025,DAL,DAL25_P38,4,4,0,108,27
2025,DAL,DAL25_P39,4,4,0,106,26.5
2025,DAL,DAL25_P40,4,4,0,105,26.25
2025,DAL,DAL25_P41,4,4,0,100,25
2025,DAL,DAL25_P42,4,4,0,97,24.25
2025,DAL,DAL25_P43,4,4,0,95,23.75
2025,DAL,DAL25_P44,4,4,0,94,23.5
2025,DAL,DAL25_P45,4,4,0,92,23
2025,DAL,DAL25_P46,4,4,0,90,22.5
2025,DAL,DAL25_P47,4,4,0,89,22.25
2025,DAL,DAL25_P48,4,4,0,85,21.25
2025,DAL,DAL25_P49,4,4,0,84,21
2025,DAL,DAL25_P50,4,4,0,84,21
2025,DAL,DAL25_P51,4,4,0,82,20.5
2025,DAL,DAL25_P52,4,4,0,82,20.5
2025,DAL,DAL25_P53,4,4,0,82,20.5
2025,DAL,DAL25_P54,4,4,0,81,20.25
2025,DAL,DAL25_P55,4,4,0,77,19.25
2025,DAL,DAL25_P56,4,4,0,74,18.5
2025,DAL,DAL25_P57,5,4,1,70,17.5
2025,DAL,DAL25_P58,4,4,0,66,16.5
2025,DAL,DAL25_P59,4,4,0,66,16.5
2025,DAL,DAL25_P60,4,4,0,62,15.5
2025,DAL,DAL25_P61,4,4,0,55,13.75
2025,DAL,DAL25_P62,4,4,0,54,13.5
2025,DAL,DAL25_P63,4,4,0,45,11.25
2025,DAL,DAL25_P64,5,4,1,45,11.25
2025,DAL,DAL25_P65,4,4,0,36,9
2025,DAL,DAL25_P66,3,3,0,112,37.333333333333336
2025,DAL,DAL25_P67,3,3,0,112,37.333333333333336
2025,DAL,DAL25_P68,3,3,0,96,32
2025,DAL,DAL25_P69,3,3,0,94,31.333333333333332
2025,DAL,DAL25_P70,3,3,0,90,30
2025,DAL,DAL25_P71,3,3,0,89,29.666666666666668
2025,DAL,DAL25_P72,4,3,1,88,29.333333333333332
2025,DAL,DAL25_P73,3,3,0,87,29
2025,DAL,DAL25_P74,3,3,0,87,29
2025,DAL,DAL25_P75,3,3,0,87,29
2025,DAL,DAL25_P76,3,3,0,87,29
2025,DAL,DAL25_P77,3,3,0,87,29
2025,DAL,DAL25_P78,3,3,0,85,28.333333333333332
2025,DAL,DAL25_P79,3,3,0,82,27.333333333333332
2025,DAL,DAL25_P80,3,3,0,81,27
2025,DAL,DAL25_P81,3,3,0,81,27
2025,DAL,DAL25_P82,3,3,0,79,26.333333333333332
2025,DAL,DAL25_P83,4,3,1,79,26.333333333333332
2025,DAL,DAL25_P84,3,3,0,79,26.333333333333332
2025,DAL,DAL25_P85,4,3,1,78,26
2025,DAL,DAL25_P86,3,3,0,75,25
2025,DAL,DAL25_P87,3,3,0,74,24.666666666666668
2025,DAL,DAL25_P88,3,3,0,73,24.333333333333332
2025,DAL,DAL25_P89,3,3,0,67,22.333333333333332
2025,DAL,DAL25_P90,3,3,0,66,22
2025,DAL,DAL25_P91,3,3,0,65,21.666666666666668
2025,DAL,DAL25_P92,4,3,1,64,21.333333333333332
2025,DAL,DAL25_P93,3,3,0,62,20.666666666666668
2025,DAL,DAL25_P94,3,3,0,61,20.333333333333332
2025,DAL,DAL25_P95,3,3,0,60,20
2025,DAL,DAL25_P96,3,3,0,58,19.333333333333332
2025,DAL,DAL25_P97,3,3,0,57,19
2025,DAL,DAL25_P98,3,3,0,51,17
2025,DAL,DAL25_P99,3,3,0,48,16
2025,DAL,DAL25_P100,3,3,0,47,15.666666666666666
2025,DAL,DAL25_P101,3,3,0,46,15.333333333333334
2025,DAL,DAL25_P102,4,3,1,45,15
2025,DAL,DAL25_P103,3,3,0,42,14
2025,DAL,DAL25_P104,3,3,0,41,13.666666666666666
2025,DAL,DAL25_P105,3,3,0,39,13
2025,DAL,DAL25_P106,3,3,0,35,11.666666666666666
2025,DAL,DAL25_P107,4,3,1,34,11.333333333333334
2025,DAL,DAL25_P108,4,3,1,34,11.333333333333334
2025,DAL,DAL25_P109,3,3,0,34,11.333333333333334
2025,DAL,DAL25_P110,3,3,0,33,11
2025,DAL,DAL25_P111,3,3,0,33,11
2025,DAL,DAL25_P112,3,3,0,32,10.666666666666666
2025,DAL,DAL25_P113,3,3,0,31,10.333333333333334
2025,DAL,DAL25_P114,4,3,1,28,9.333333333333334
2025,DAL,DAL25_P115,3,3,0,28,9.333333333333334
2025,DAL,DAL25_P116,3,3,0,26,8.666666666666666
2025,DAL,DAL25_P117,3,3,0,21,7
2025,DAL,DAL25_P118,3,3,0,19,6.333333333333333
2025,DAL,DAL25_P119,3,3,0,13,4.333333333333333
2025,DAL,DAL25_P120,6,3,3,13,4.333333333333333
2025,DAL,DAL25_P121,4,3,1,11,3.6666666666666665
2025,DAL,DAL25_P122,4,3,1,10,3.3333333333333335
2025,DAL,DAL25_P123,3,2,1,62,31
2025,DAL,DAL25_P124,2,2,0,59,29.5
2025,DAL,DAL25_P125,2,2,0,57,28.5
2025,DAL,DAL25_P126,2,2,0,55,27.5
2025,DAL,DAL25_P127,2,2,0,53,26.5
2025,DAL,DAL25_P128,2,2,0,47,23.5
2025,DAL,DAL25_P129,4,2,2,44,22
2025,DAL,DAL25_P130,2,2,0,39,19.5
2025,DAL,DAL25_P131,4,2,2,38,19
2025,DAL,DAL25_P132,4,2,2,32,16
2025,DAL,DAL25_P133,2,2,0,31,15.5
2025,DAL,DAL25_P134,4,2,2,31,15.5
2025,DAL,DAL25_P135,2,2,0,23,11.5
2025,DAL,DAL25_P136,3,2,1,23,11.5
2025,DAL,DAL25_P137,3,2,1,19,9.5
2025,DAL,DAL25_P138,3,2,1,19,9.5
2025,DAL,DAL25_P139,3,2,1,18,9
2025,DAL,DAL25_P140,2,2,0,14,7
2025,DAL,DAL25_P141,2,2,0,12,6
2025,DAL,DAL25_P142,2,2,0,12,6
2025,DAL,DAL25_P143,2,2,0,9,4.5
2025,DAL,DAL25_P144,4,2,2,8,4
2025,DAL,DAL25_P145,3,2,1,7,3.5
2025,DAL,DAL25_P146,3,2,1,6,3
2025,DAL,DAL25_P147,4,2,2,5,2.5
2025,DAL,DAL25_P148,3,1,2,35,35
2025,DAL,DAL25_P149,2,1,1,35,35
2025,DAL,DAL25_P150,1,1,0,32,32
2025,DAL,DAL25_P151,2,1,1,30,30
2025,DAL,DAL25_P152,1,1,0,30,30
2025,DAL,DAL25_P153,2,1,1,25,25
2025,DAL,DAL25_P154,1,1,0,23,23
2025,DAL,DAL25_P155,1,1,0,23,23
2025,DAL,DAL25_P156,1,1,0,22,22
2025,DAL,DAL25_P157,1,1,0,22,22
2025,DAL,DAL25_P158,1,1,0,22,22
2025,DAL,DAL25_P159,1,1,0,20,20
2025,DAL,DAL25_P160,1,1,0,20,20
2025,DAL,DAL25_P161,1,1,0,20,20
2025,DAL,DAL25_P162,1,1,0,18,18
2025,DAL,DAL25_P163,1,1,0,13,13
2025,DAL,DAL25_P164,1,1,0,12,12
2025,DAL,DAL25_P165,3,1,2,12,12
2025,DAL,DAL25_P166,4,1,3,10,10
2025,DAL,DAL25_P167,1,1,0,9,9
2025,DAL,DAL25_P168,3,1,2,8,8
2025,DAL,DAL25_P169,1,1,0,7,7
2025,DAL,DAL25_P170,1,1,0,6,6
2025,DAL,DAL25_P171,1,1,0,6,6
2025,DAL,DAL25_P172,2,1,1,6,6
2025,DAL,DAL25_P173,1,1,0,5,5
2025,DAL,DAL25_P174,2,1,1,5,5
2025,DAL,DAL25_P175,1,1,0,5,5
2025,DAL,DAL25_P176,1,1,0,4,4
2025,DAL,DAL25_P177,1,1,0,4,4
2025,DAL,DAL25_P178,3,1,2,4,4
2025,DAL,DAL25_P179,1,1,0,3,3
2025,DAL,DAL25_P180,3,1,2,3,3
2025,DAL,DAL25_P181,1,1,0,2,2
2025,DAL,DAL25_P182,1,0,1,0,NA
2025,DAL,DAL25_P183,3,0,3,0,NA
2025,DAL,DAL25_P184,1,0,1,0,NA
2025,DAL,DAL25_P185,1,0,1,0,NA
2025,DAL,DAL25_P186,2,0,2,0,NA
2025,DAL,DAL25_P187,1,0,1,0,NA
2025,DAL,DAL25_P188,1,0,1,0,NA
2025,DAL,DAL25_P189,1,0,1,0,NA
2025,DAL,DAL25_P190,1,0,1,0,NA
2025,DAL,DAL25_P191,1,0,1,0,NA
2025,DAL,DAL25_P192,1,0,1,0,NA
2025,GS,GS25_P01,48,48,0,1400,29.166666666666668
2025,GS,GS25_P02,48,45,3,736,16.355555555555554
2025,GS,GS25_P03,43,42,1,987,23.5
2025,GS,GS25_P04,44,41,3,682,16.634146341463413
2025,GS,GS25_P05,41,38,3,1043,27.44736842105263
2025,GS,GS25_P06,40,32,8,426,13.3125
2025,GS,GS25_P07,37,30,7,543,18.1
2025,GS,GS25_P08,36,28,8,736,26.285714285714285
2025,GS,GS25_P09,38,27,11,267,9.88888888888889
2025,GS,GS25_P10,33,24,9,705,29.375
2025,GS,GS25_P11,23,23,0,534,23.217391304347824
2025,GS,GS25_P12,32,21,11,512,24.38095238095238
2025,GS,GS25_P13,21,21,0,419,19.952380952380953
2025,GS,GS25_P14,21,16,5,266,16.625
2025,GS,GS25_P15,13,12,1,227,18.916666666666668
2025,GS,GS25_P16,8,7,1,83,11.857142857142858
2025,GS,GS25_P17,6,6,0,201,33.5
2025,GS,GS25_P18,6,6,0,189,31.5
2025,GS,GS25_P19,6,6,0,170,28.333333333333332
2025,GS,GS25_P20,6,6,0,168,28
2025,GS,GS25_P21,6,6,0,134,22.333333333333332
2025,GS,GS25_P22,6,6,0,130,21.666666666666668
2025,GS,GS25_P23,10,6,4,45,7.5
2025,GS,GS25_P24,5,5,0,176,35.2
2025,GS,GS25_P25,5,5,0,161,32.2
2025,GS,GS25_P26,5,5,0,141,28.2
2025,GS,GS25_P27,5,5,0,139,27.8
2025,GS,GS25_P28,5,5,0,122,24.4
2025,GS,GS25_P29,5,5,0,110,22
2025,GS,GS25_P30,5,5,0,100,20
2025,GS,GS25_P31,5,5,0,99,19.8
2025,GS,GS25_P32,5,5,0,69,13.8
2025,GS,GS25_P33,4,4,0,144,36
2025,GS,GS25_P34,4,4,0,132,33
2025,GS,GS25_P35,5,4,1,130,32.5
2025,GS,GS25_P36,4,4,0,128,32
2025,GS,GS25_P37,4,4,0,128,32
2025,GS,GS25_P38,4,4,0,126,31.5
2025,GS,GS25_P39,4,4,0,125,31.25
2025,GS,GS25_P40,4,4,0,123,30.75
2025,GS,GS25_P41,4,4,0,123,30.75
2025,GS,GS25_P42,4,4,0,121,30.25
2025,GS,GS25_P43,4,4,0,118,29.5
2025,GS,GS25_P44,4,4,0,116,29
2025,GS,GS25_P45,4,4,0,115,28.75
2025,GS,GS25_P46,4,4,0,114,28.5
2025,GS,GS25_P47,4,4,0,111,27.75
2025,GS,GS25_P48,4,4,0,110,27.5
2025,GS,GS25_P49,4,4,0,104,26
2025,GS,GS25_P50,4,4,0,96,24
2025,GS,GS25_P51,5,4,1,94,23.5
2025,GS,GS25_P52,4,4,0,93,23.25
2025,GS,GS25_P53,4,4,0,93,23.25
2025,GS,GS25_P54,5,4,1,88,22
2025,GS,GS25_P55,4,4,0,83,20.75
2025,GS,GS25_P56,4,4,0,80,20
2025,GS,GS25_P57,4,4,0,78,19.5
2025,GS,GS25_P58,5,4,1,76,19
2025,GS,GS25_P59,4,4,0,68,17
2025,GS,GS25_P60,4,4,0,67,16.75
2025,GS,GS25_P61,4,4,0,66,16.5
2025,GS,GS25_P62,5,4,1,62,15.5
2025,GS,GS25_P63,4,4,0,61,15.25
2025,GS,GS25_P64,4,4,0,58,14.5
2025,GS,GS25_P65,4,4,0,56,14
2025,GS,GS25_P66,5,4,1,40,10
2025,GS,GS25_P67,4,4,0,38,9.5
2025,GS,GS25_P68,4,4,0,35,8.75
2025,GS,GS25_P69,4,4,0,22,5.5
2025,GS,GS25_P70,4,4,0,18,4.5
2025,GS,GS25_P71,7,4,3,13,3.25
2025,GS,GS25_P72,3,3,0,101,33.666666666666664
2025,GS,GS25_P73,3,3,0,97,32.333333333333336
2025,GS,GS25_P74,3,3,0,96,32
2025,GS,GS25_P75,3,3,0,94,31.333333333333332
2025,GS,GS25_P76,3,3,0,92,30.666666666666668
2025,GS,GS25_P77,3,3,0,90,30
2025,GS,GS25_P78,3,3,0,87,29
2025,GS,GS25_P79,3,3,0,87,29
2025,GS,GS25_P80,3,3,0,86,28.666666666666668
2025,GS,GS25_P81,3,3,0,85,28.333333333333332
2025,GS,GS25_P82,3,3,0,84,28
2025,GS,GS25_P83,3,3,0,81,27
2025,GS,GS25_P84,3,3,0,81,27
2025,GS,GS25_P85,3,3,0,76,25.333333333333332
2025,GS,GS25_P86,3,3,0,68,22.666666666666668
2025,GS,GS25_P87,3,3,0,65,21.666666666666668
2025,GS,GS25_P88,3,3,0,65,21.666666666666668
2025,GS,GS25_P89,3,3,0,65,21.666666666666668
2025,GS,GS25_P90,3,3,0,64,21.333333333333332
2025,GS,GS25_P91,3,3,0,63,21
2025,GS,GS25_P92,3,3,0,62,20.666666666666668
2025,GS,GS25_P93,3,3,0,61,20.333333333333332
2025,GS,GS25_P94,3,3,0,58,19.333333333333332
2025,GS,GS25_P95,3,3,0,57,19
2025,GS,GS25_P96,3,3,0,57,19
2025,GS,GS25_P97,3,3,0,53,17.666666666666668
2025,GS,GS25_P98,3,3,0,48,16
2025,GS,GS25_P99,5,3,2,46,15.333333333333334
2025,GS,GS25_P100,3,3,0,41,13.666666666666666
2025,GS,GS25_P101,4,3,1,39,13
2025,GS,GS25_P102,4,3,1,38,12.666666666666666
2025,GS,GS25_P103,3,3,0,36,12
2025,GS,GS25_P104,5,3,2,34,11.333333333333334
2025,GS,GS25_P105,3,3,0,34,11.333333333333334
2025,GS,GS25_P106,3,3,0,34,11.333333333333334
2025,GS,GS25_P107,4,3,1,33,11
2025,GS,GS25_P108,4,3,1,32,10.666666666666666
2025,GS,GS25_P109,5,3,2,26,8.666666666666666
2025,GS,GS25_P110,3,3,0,19,6.333333333333333
2025,GS,GS25_P111,3,3,0,19,6.333333333333333
2025,GS,GS25_P112,6,3,3,19,6.333333333333333
2025,GS,GS25_P113,3,3,0,18,6
2025,GS,GS25_P114,7,3,4,13,4.333333333333333
2025,GS,GS25_P115,2,2,0,71,35.5
2025,GS,GS25_P116,2,2,0,70,35
2025,GS,GS25_P117,2,2,0,70,35
2025,GS,GS25_P118,3,2,1,67,33.5
2025,GS,GS25_P119,2,2,0,64,32
2025,GS,GS25_P120,2,2,0,62,31
2025,GS,GS25_P121,4,2,2,61,30.5
2025,GS,GS25_P122,2,2,0,59,29.5
2025,GS,GS25_P123,3,2,1,56,28
2025,GS,GS25_P124,3,2,1,54,27
2025,GS,GS25_P125,3,2,1,50,25
2025,GS,GS25_P126,2,2,0,49,24.5
2025,GS,GS25_P127,2,2,0,45,22.5
2025,GS,GS25_P128,2,2,0,45,22.5
2025,GS,GS25_P129,2,2,0,43,21.5
2025,GS,GS25_P130,2,2,0,39,19.5
2025,GS,GS25_P131,3,2,1,38,19
2025,GS,GS25_P132,3,2,1,32,16
2025,GS,GS25_P133,3,2,1,31,15.5
2025,GS,GS25_P134,3,2,1,28,14
2025,GS,GS25_P135,2,2,0,28,14
2025,GS,GS25_P136,2,2,0,28,14
2025,GS,GS25_P137,4,2,2,27,13.5
2025,GS,GS25_P138,2,2,0,26,13
2025,GS,GS25_P139,3,2,1,22,11
2025,GS,GS25_P140,3,2,1,21,10.5
2025,GS,GS25_P141,3,2,1,17,8.5
2025,GS,GS25_P142,2,2,0,16,8
2025,GS,GS25_P143,2,2,0,15,7.5
2025,GS,GS25_P144,2,2,0,12,6
2025,GS,GS25_P145,5,2,3,11,5.5
2025,GS,GS25_P146,6,2,4,9,4.5
2025,GS,GS25_P147,4,2,2,6,3
2025,GS,GS25_P148,3,2,1,6,3
2025,GS,GS25_P149,3,2,1,5,2.5
2025,GS,GS25_P150,3,1,2,34,34
2025,GS,GS25_P151,1,1,0,23,23
2025,GS,GS25_P152,1,1,0,21,21
2025,GS,GS25_P153,3,1,2,20,20
2025,GS,GS25_P154,1,1,0,19,19
2025,GS,GS25_P155,3,1,2,18,18
2025,GS,GS25_P156,2,1,1,18,18
2025,GS,GS25_P157,2,1,1,18,18
2025,GS,GS25_P158,4,1,3,16,16
2025,GS,GS25_P159,1,1,0,16,16
2025,GS,GS25_P160,2,1,1,13,13
2025,GS,GS25_P161,1,1,0,12,12
2025,GS,GS25_P162,1,1,0,10,10
2025,GS,GS25_P163,1,1,0,10,10
2025,GS,GS25_P164,2,1,1,10,10
2025,GS,GS25_P165,1,1,0,9,9
2025,GS,GS25_P166,3,1,2,8,8
2025,GS,GS25_P167,1,1,0,5,5
2025,GS,GS25_P168,3,1,2,5,5
2025,GS,GS25_P169,1,1,0,4,4
2025,GS,GS25_P170,2,1,1,2,2
2025,GS,GS25_P171,3,1,2,2,2
2025,GS,GS25_P172,1,0,1,0,NA
2025,GS,GS25_P173,1,0,1,0,NA
2025,GS,GS25_P174,1,0,1,0,NA
2025,GS,GS25_P175,2,0,2,0,NA
2025,GS,GS25_P176,1,0,1,0,NA
2025,GS,GS25_P177,1,0,1,0,NA
2025,GS,GS25_P178,1,0,1,0,NA
2025,GS,GS25_P179,1,0,1,0,NA
2025,GS,GS25_P180,2,0,2,0,NA
2025,GS,GS25_P181,1,0,1,0,NA
2025,GS,GS25_P182,2,0,2,0,NA
2024,IND,IND24_P01,44,44,0,1552,35.27272727272727
2024,IND,IND24_P02,44,44,0,1358,30.863636363636363
2024,IND,IND24_P03,44,44,0,1065,24.204545454545453
2024,IND,IND24_P04,43,42,1,1360,32.38095238095238
2024,IND,IND24_P05,44,42,2,590,14.047619047619047
2024,IND,IND24_P06,43,39,4,704,18.05128205128205
2024,IND,IND24_P07,44,38,6,766,20.157894736842106
2024,IND,IND24_P08,43,29,14,479,16.517241379310345
2024,IND,IND24_P09,41,26,15,490,18.846153846153847
2024,IND,IND24_P10,28,22,6,243,11.045454545454545
2024,IND,IND24_P11,44,14,30,137,9.785714285714286
2024,IND,IND24_P12,44,11,33,29,2.6363636363636362
2024,IND,IND24_P13,21,8,13,65,8.125
2024,IND,IND24_P14,6,6,0,217,36.166666666666664
2024,IND,IND24_P15,6,6,0,208,34.666666666666664
2024,IND,IND24_P16,6,6,0,187,31.166666666666668
2024,IND,IND24_P17,6,6,0,177,29.5
2024,IND,IND24_P18,6,6,0,131,21.833333333333332
2024,IND,IND24_P19,6,6,0,95,15.833333333333334
2024,IND,IND24_P20,5,5,0,148,29.6
2024,IND,IND24_P21,5,5,0,131,26.2
2024,IND,IND24_P22,5,5,0,114,22.8
2024,IND,IND24_P23,6,5,1,111,22.2
2024,IND,IND24_P24,5,5,0,95,19
2024,IND,IND24_P25,5,5,0,91,18.2
2024,IND,IND24_P26,5,5,0,86,17.2
2024,IND,IND24_P27,5,5,0,74,14.8
2024,IND,IND24_P28,4,4,0,154,38.5
2024,IND,IND24_P29,4,4,0,137,34.25
2024,IND,IND24_P30,4,4,0,135,33.75
2024,IND,IND24_P31,4,4,0,134,33.5
2024,IND,IND24_P32,4,4,0,132,33
2024,IND,IND24_P33,4,4,0,129,32.25
2024,IND,IND24_P34,4,4,0,127,31.75
2024,IND,IND24_P35,4,4,0,127,31.75
2024,IND,IND24_P36,4,4,0,124,31
2024,IND,IND24_P37,4,4,0,123,30.75
2024,IND,IND24_P38,4,4,0,122,30.5
2024,IND,IND24_P39,4,4,0,121,30.25
2024,IND,IND24_P40,4,4,0,119,29.75
2024,IND,IND24_P41,4,4,0,119,29.75
2024,IND,IND24_P42,4,4,0,118,29.5
2024,IND,IND24_P43,4,4,0,115,28.75
2024,IND,IND24_P44,4,4,0,115,28.75
2024,IND,IND24_P45,4,4,0,114,28.5
2024,IND,IND24_P46,4,4,0,112,28
2024,IND,IND24_P47,4,4,0,104,26
2024,IND,IND24_P48,4,4,0,98,24.5
2024,IND,IND24_P49,4,4,0,97,24.25
2024,IND,IND24_P50,4,4,0,95,23.75
2024,IND,IND24_P51,4,4,0,93,23.25
2024,IND,IND24_P52,4,4,0,88,22
2024,IND,IND24_P53,4,4,0,87,21.75
2024,IND,IND24_P54,4,4,0,85,21.25
2024,IND,IND24_P55,4,4,0,82,20.5
2024,IND,IND24_P56,4,4,0,72,18
2024,IND,IND24_P57,4,4,0,70,17.5
2024,IND,IND24_P58,4,4,0,60,15
2024,IND,IND24_P59,4,4,0,58,14.5
2024,IND,IND24_P60,4,4,0,58,14.5
2024,IND,IND24_P61,4,4,0,57,14.25
2024,IND,IND24_P62,4,4,0,56,14
2024,IND,IND24_P63,4,4,0,46,11.5
2024,IND,IND24_P64,4,4,0,46,11.5
2024,IND,IND24_P65,4,4,0,43,10.75
2024,IND,IND24_P66,4,4,0,40,10
2024,IND,IND24_P67,5,4,1,39,9.75
2024,IND,IND24_P68,4,4,0,34,8.5
2024,IND,IND24_P69,4,4,0,32,8
2024,IND,IND24_P70,4,4,0,20,5
2024,IND,IND24_P71,6,4,2,19,4.75
2024,IND,IND24_P72,4,4,0,10,2.5
2024,IND,IND24_P73,3,3,0,107,35.666666666666664
2024,IND,IND24_P74,3,3,0,104,34.666666666666664
2024,IND,IND24_P75,3,3,0,98,32.666666666666664
2024,IND,IND24_P76,3,3,0,97,32.333333333333336
2024,IND,IND24_P77,3,3,0,90,30
2024,IND,IND24_P78,4,3,1,87,29
2024,IND,IND24_P79,4,3,1,85,28.333333333333332
2024,IND,IND24_P80,3,3,0,82,27.333333333333332
2024,IND,IND24_P81,3,3,0,80,26.666666666666668
2024,IND,IND24_P82,3,3,0,79,26.333333333333332
2024,IND,IND24_P83,3,3,0,78,26
2024,IND,IND24_P84,4,3,1,70,23.333333333333332
2024,IND,IND24_P85,3,3,0,68,22.666666666666668
2024,IND,IND24_P86,3,3,0,67,22.333333333333332
2024,IND,IND24_P87,4,3,1,65,21.666666666666668
2024,IND,IND24_P88,4,3,1,61,20.333333333333332
2024,IND,IND24_P89,4,3,1,53,17.666666666666668
2024,IND,IND24_P90,3,3,0,52,17.333333333333332
2024,IND,IND24_P91,3,3,0,51,17
2024,IND,IND24_P92,3,3,0,49,16.333333333333332
2024,IND,IND24_P93,6,3,3,45,15
2024,IND,IND24_P94,3,3,0,44,14.666666666666666
2024,IND,IND24_P95,3,3,0,41,13.666666666666666
2024,IND,IND24_P96,3,3,0,38,12.666666666666666
2024,IND,IND24_P97,4,3,1,37,12.333333333333334
2024,IND,IND24_P98,4,3,1,36,12
2024,IND,IND24_P99,3,3,0,33,11
2024,IND,IND24_P100,4,3,1,32,10.666666666666666
2024,IND,IND24_P101,5,3,2,31,10.333333333333334
2024,IND,IND24_P102,4,3,1,29,9.666666666666666
2024,IND,IND24_P103,4,3,1,25,8.333333333333334
2024,IND,IND24_P104,3,3,0,25,8.333333333333334
2024,IND,IND24_P105,4,3,1,11,3.6666666666666665
2024,IND,IND24_P106,2,2,0,74,37
2024,IND,IND24_P107,3,2,1,72,36
2024,IND,IND24_P108,3,2,1,71,35.5
2024,IND,IND24_P109,2,2,0,70,35
2024,IND,IND24_P110,4,2,2,70,35
2024,IND,IND24_P111,3,2,1,65,32.5
2024,IND,IND24_P112,3,2,1,51,25.5
2024,IND,IND24_P113,3,2,1,50,25
2024,IND,IND24_P114,3,2,1,50,25
2024,IND,IND24_P115,3,2,1,49,24.5
2024,IND,IND24_P116,2,2,0,39,19.5
2024,IND,IND24_P117,3,2,1,35,17.5
2024,IND,IND24_P118,3,2,1,33,16.5
2024,IND,IND24_P119,4,2,2,33,16.5
2024,IND,IND24_P120,2,2,0,27,13.5
2024,IND,IND24_P121,4,2,2,26,13
2024,IND,IND24_P122,5,2,3,19,9.5
2024,IND,IND24_P123,3,2,1,17,8.5
2024,IND,IND24_P124,2,2,0,10,5
2024,IND,IND24_P125,3,2,1,10,5
2024,IND,IND24_P126,4,2,2,7,3.5
2024,IND,IND24_P127,2,2,0,4,2
2024,IND,IND24_P128,3,2,1,3,1.5
2024,IND,IND24_P129,2,1,1,28,28
2024,IND,IND24_P130,4,1,3,22,22
2024,IND,IND24_P131,3,1,2,21,21
2024,IND,IND24_P132,4,1,3,20,20
2024,IND,IND24_P133,1,1,0,16,16
2024,IND,IND24_P134,1,1,0,12,12
2024,IND,IND24_P135,1,1,0,5,5
2024,IND,IND24_P136,1,1,0,5,5
2024,IND,IND24_P137,2,1,1,5,5
2024,IND,IND24_P138,2,1,1,4,4
2024,IND,IND24_P139,1,1,0,4,4
2024,IND,IND24_P140,4,1,3,4,4
2024,IND,IND24_P141,3,1,2,3,3
2024,IND,IND24_P142,1,1,0,2,2
2024,IND,IND24_P143,3,1,2,2,2
2024,IND,IND24_P144,4,1,3,1,1
2024,IND,IND24_P145,1,0,1,0,NA
2024,IND,IND24_P146,3,0,3,0,NA
2024,IND,IND24_P147,4,0,4,0,NA
2024,IND,IND24_P148,4,0,4,0,NA
2024,IND,IND24_P149,1,0,1,0,NA
2024,IND,IND24_P150,3,0,3,0,NA
2024,IND,IND24_P151,1,0,1,0,NA
2024,IND,IND24_P152,3,0,3,0,NA
2024,IND,IND24_P153,3,0,3,0,NA
2025,IND,IND25_P01,56,56,0,1746,31.178571428571427
2025,IND,IND25_P02,56,56,0,1683,30.053571428571427
2025,IND,IND25_P03,56,56,0,1536,27.428571428571427
2025,IND,IND25_P04,56,56,0,1345,24.017857142857142
2025,IND,IND25_P05,56,40,16,308,7.7
2025,IND,IND25_P06,47,38,9,437,11.5
2025,IND,IND25_P07,56,37,19,417,11.27027027027027
2025,IND,IND25_P08,51,34,17,844,24.823529411764707
2025,IND,IND25_P09,50,34,16,482,14.176470588235293
2025,IND,IND25_P10,36,21,15,550,26.19047619047619
2025,IND,IND25_P11,21,20,1,552,27.6
2025,IND,IND25_P12,18,18,0,291,16.166666666666668
2025,IND,IND25_P13,17,16,1,243,15.1875
2025,IND,IND25_P14,47,15,32,446,29.733333333333334
2025,IND,IND25_P15,19,15,4,320,21.333333333333332
2025,IND,IND25_P16,22,10,12,112,11.2
2025,IND,IND25_P17,8,8,0,272,34
2025,IND,IND25_P18,8,8,0,269,33.625
2025,IND,IND25_P19,8,8,0,267,33.375
2025,IND,IND25_P20,8,8,0,266,33.25
2025,IND,IND25_P21,8,8,0,256,32
2025,IND,IND25_P22,8,8,0,232,29
2025,IND,IND25_P23,8,8,0,223,27.875
2025,IND,IND25_P24,8,8,0,201,25.125
2025,IND,IND25_P25,8,8,0,179,22.375
2025,IND,IND25_P26,8,8,0,153,19.125
2025,IND,IND25_P27,8,8,0,131,16.375
2025,IND,IND25_P28,8,8,0,110,13.75
2025,IND,IND25_P29,8,8,0,93,11.625
2025,IND,IND25_P30,8,7,1,89,12.714285714285714
2025,IND,IND25_P31,8,7,1,59,8.428571428571429
2025,IND,IND25_P32,8,7,1,57,8.142857142857142
2025,IND,IND25_P33,8,6,2,66,11
2025,IND,IND25_P34,15,6,9,30,5
2025,IND,IND25_P35,5,5,0,152,30.4
2025,IND,IND25_P36,6,5,1,142,28.4
2025,IND,IND25_P37,5,5,0,129,25.8
2025,IND,IND25_P38,5,5,0,128,25.6
2025,IND,IND25_P39,5,5,0,127,25.4
2025,IND,IND25_P40,5,5,0,124,24.8
2025,IND,IND25_P41,5,5,0,121,24.2
2025,IND,IND25_P42,5,5,0,119,23.8
2025,IND,IND25_P43,5,5,0,108,21.6
2025,IND,IND25_P44,5,5,0,97,19.4
2025,IND,IND25_P45,5,5,0,90,18
2025,IND,IND25_P46,5,5,0,87,17.4
2025,IND,IND25_P47,5,5,0,85,17
2025,IND,IND25_P48,8,5,3,74,14.8
2025,IND,IND25_P49,5,5,0,70,14
2025,IND,IND25_P50,8,5,3,41,8.2
2025,IND,IND25_P51,4,4,0,140,35
2025,IND,IND25_P52,4,4,0,140,35
2025,IND,IND25_P53,4,4,0,138,34.5
2025,IND,IND25_P54,4,4,0,131,32.75
2025,IND,IND25_P55,4,4,0,128,32
2025,IND,IND25_P56,4,4,0,123,30.75
2025,IND,IND25_P57,4,4,0,121,30.25
2025,IND,IND25_P58,4,4,0,118,29.5
2025,IND,IND25_P59,4,4,0,118,29.5
2025,IND,IND25_P60,4,4,0,118,29.5
2025,IND,IND25_P61,4,4,0,117,29.25
2025,IND,IND25_P62,4,4,0,117,29.25
2025,IND,IND25_P63,4,4,0,116,29
2025,IND,IND25_P64,4,4,0,100,25
2025,IND,IND25_P65,4,4,0,99,24.75
2025,IND,IND25_P66,5,4,1,97,24.25
2025,IND,IND25_P67,4,4,0,94,23.5
2025,IND,IND25_P68,4,4,0,91,22.75
2025,IND,IND25_P69,4,4,0,90,22.5
2025,IND,IND25_P70,4,4,0,90,22.5
2025,IND,IND25_P71,4,4,0,87,21.75
2025,IND,IND25_P72,4,4,0,84,21
2025,IND,IND25_P73,4,4,0,81,20.25
2025,IND,IND25_P74,4,4,0,81,20.25
2025,IND,IND25_P75,4,4,0,73,18.25
2025,IND,IND25_P76,4,4,0,69,17.25
2025,IND,IND25_P77,4,4,0,66,16.5
2025,IND,IND25_P78,5,4,1,66,16.5
2025,IND,IND25_P79,4,4,0,62,15.5
2025,IND,IND25_P80,4,4,0,59,14.75
2025,IND,IND25_P81,4,4,0,51,12.75
2025,IND,IND25_P82,5,4,1,43,10.75
2025,IND,IND25_P83,8,4,4,18,4.5
2025,IND,IND25_P84,4,3,1,102,34
2025,IND,IND25_P85,3,3,0,101,33.666666666666664
2025,IND,IND25_P86,3,3,0,98,32.666666666666664
2025,IND,IND25_P87,3,3,0,93,31
2025,IND,IND25_P88,3,3,0,91,30.333333333333332
2025,IND,IND25_P89,3,3,0,86,28.666666666666668
2025,IND,IND25_P90,4,3,1,86,28.666666666666668
2025,IND,IND25_P91,3,3,0,85,28.333333333333332
2025,IND,IND25_P92,3,3,0,82,27.333333333333332
2025,IND,IND25_P93,3,3,0,82,27.333333333333332
2025,IND,IND25_P94,3,3,0,79,26.333333333333332
2025,IND,IND25_P95,3,3,0,73,24.333333333333332
2025,IND,IND25_P96,5,3,2,71,23.666666666666668
2025,IND,IND25_P97,3,3,0,68,22.666666666666668
2025,IND,IND25_P98,4,3,1,66,22
2025,IND,IND25_P99,3,3,0,59,19.666666666666668
2025,IND,IND25_P100,3,3,0,58,19.333333333333332
2025,IND,IND25_P101,3,3,0,54,18
2025,IND,IND25_P102,3,3,0,54,18
2025,IND,IND25_P103,3,3,0,53,17.666666666666668
2025,IND,IND25_P104,5,3,2,52,17.333333333333332
2025,IND,IND25_P105,3,3,0,51,17
2025,IND,IND25_P106,3,3,0,50,16.666666666666668
2025,IND,IND25_P107,4,3,1,47,15.666666666666666
2025,IND,IND25_P108,4,3,1,46,15.333333333333334
2025,IND,IND25_P109,3,3,0,46,15.333333333333334
2025,IND,IND25_P110,4,3,1,46,15.333333333333334
2025,IND,IND25_P111,5,3,2,45,15
2025,IND,IND25_P112,5,3,2,45,15
2025,IND,IND25_P113,4,3,1,44,14.666666666666666
2025,IND,IND25_P114,3,3,0,39,13
2025,IND,IND25_P115,3,3,0,37,12.333333333333334
2025,IND,IND25_P116,4,3,1,26,8.666666666666666
2025,IND,IND25_P117,4,3,1,23,7.666666666666667
2025,IND,IND25_P118,3,3,0,20,6.666666666666667
2025,IND,IND25_P119,7,3,4,19,6.333333333333333
2025,IND,IND25_P120,4,3,1,14,4.666666666666667
2025,IND,IND25_P121,4,2,2,65,32.5
2025,IND,IND25_P122,2,2,0,62,31
2025,IND,IND25_P123,2,2,0,60,30
2025,IND,IND25_P124,4,2,2,59,29.5
2025,IND,IND25_P125,2,2,0,54,27
2025,IND,IND25_P126,4,2,2,52,26
2025,IND,IND25_P127,5,2,3,52,26
2025,IND,IND25_P128,2,2,0,50,25
2025,IND,IND25_P129,2,2,0,47,23.5
2025,IND,IND25_P130,2,2,0,42,21
2025,IND,IND25_P131,5,2,3,34,17
2025,IND,IND25_P132,4,2,2,33,16.5
2025,IND,IND25_P133,2,2,0,31,15.5
2025,IND,IND25_P134,4,2,2,23,11.5
2025,IND,IND25_P135,2,2,0,23,11.5
2025,IND,IND25_P136,2,2,0,21,10.5
2025,IND,IND25_P137,4,2,2,19,9.5
2025,IND,IND25_P138,2,2,0,19,9.5
2025,IND,IND25_P139,3,2,1,19,9.5
2025,IND,IND25_P140,2,2,0,17,8.5
2025,IND,IND25_P141,3,2,1,14,7
2025,IND,IND25_P142,3,2,1,12,6
2025,IND,IND25_P143,3,2,1,12,6
2025,IND,IND25_P144,3,2,1,12,6
2025,IND,IND25_P145,2,2,0,10,5
2025,IND,IND25_P146,6,2,4,9,4.5
2025,IND,IND25_P147,2,2,0,9,4.5
2025,IND,IND25_P148,6,2,4,2,1
2025,IND,IND25_P149,2,1,1,36,36
2025,IND,IND25_P150,1,1,0,32,32
2025,IND,IND25_P151,1,1,0,32,32
2025,IND,IND25_P152,1,1,0,25,25
2025,IND,IND25_P153,1,1,0,24,24
2025,IND,IND25_P154,1,1,0,19,19
2025,IND,IND25_P155,1,1,0,17,17
2025,IND,IND25_P156,1,1,0,17,17
2025,IND,IND25_P157,1,1,0,15,15
2025,IND,IND25_P158,1,1,0,15,15
2025,IND,IND25_P159,1,1,0,15,15
2025,IND,IND25_P160,1,1,0,15,15
2025,IND,IND25_P161,3,1,2,14,14
2025,IND,IND25_P162,1,1,0,13,13
2025,IND,IND25_P163,1,1,0,11,11
2025,IND,IND25_P164,1,1,0,11,11
2025,IND,IND25_P165,2,1,1,10,10
2025,IND,IND25_P166,1,1,0,10,10
2025,IND,IND25_P167,1,1,0,10,10
2025,IND,IND25_P168,1,1,0,9,9
2025,IND,IND25_P169,1,1,0,9,9
2025,IND,IND25_P170,1,1,0,9,9
2025,IND,IND25_P171,1,1,0,8,8
2025,IND,IND25_P172,1,1,0,8,8
2025,IND,IND25_P173,3,1,2,8,8
2025,IND,IND25_P174,1,1,0,8,8
2025,IND,IND25_P175,3,1,2,7,7
2025,IND,IND25_P176,3,1,2,6,6
2025,IND,IND25_P177,1,1,0,6,6
2025,IND,IND25_P178,2,1,1,5,5
2025,IND,IND25_P179,3,1,2,3,3
2025,IND,IND25_P180,4,1,3,1,1
2025,IND,IND25_P181,3,1,2,1,1
2025,IND,IND25_P182,3,0,3,0,NA
2025,IND,IND25_P183,1,0,1,0,NA
2025,IND,IND25_P184,2,0,2,0,NA
2025,IND,IND25_P185,3,0,3,0,NA
2025,IND,IND25_P186,2,0,2,0,NA
2025,IND,IND25_P187,1,0,1,0,NA
2025,IND,IND25_P188,1,0,1,0,NA
2025,IND,IND25_P189,1,0,1,0,NA
2025,IND,IND25_P190,4,0,4,0,NA
2025,IND,IND25_P191,5,0,5,0,NA
2025,IND,IND25_P192,1,0,1,0,NA
2024,LA,LA24_P01,42,42,0,1387,33.023809523809526
2024,LA,LA24_P02,42,42,0,1188,28.285714285714285
2024,LA,LA24_P03,42,42,0,844,20.095238095238095
2024,LA,LA24_P04,40,40,0,577,14.425
2024,LA,LA24_P05,39,39,0,623,15.974358974358974
2024,LA,LA24_P06,41,39,2,598,15.333333333333334
2024,LA,LA24_P07,42,31,11,291,9.387096774193548
2024,LA,LA24_P08,33,28,5,592,21.142857142857142
2024,LA,LA24_P09,32,23,9,357,15.521739130434783
2024,LA,LA24_P10,29,20,9,495,24.75
2024,LA,LA24_P11,23,20,3,249,12.45
2024,LA,LA24_P12,25,18,7,420,23.333333333333332
2024,LA,LA24_P13,25,17,8,362,21.294117647058822
2024,LA,LA24_P14,16,16,0,434,27.125
2024,LA,LA24_P15,6,6,0,111,18.5
2024,LA,LA24_P16,5,5,0,162,32.4
2024,LA,LA24_P17,5,5,0,148,29.6
2024,LA,LA24_P18,5,5,0,148,29.6
2024,LA,LA24_P19,5,5,0,80,16
2024,LA,LA24_P20,5,5,0,79,15.8
2024,LA,LA24_P21,5,5,0,76,15.2
2024,LA,LA24_P22,5,5,0,76,15.2
2024,LA,LA24_P23,5,5,0,71,14.2
2024,LA,LA24_P24,4,4,0,153,38.25
2024,LA,LA24_P25,4,4,0,149,37.25
2024,LA,LA24_P26,4,4,0,144,36
2024,LA,LA24_P27,4,4,0,130,32.5
2024,LA,LA24_P28,4,4,0,129,32.25
2024,LA,LA24_P29,4,4,0,127,31.75
2024,LA,LA24_P30,4,4,0,126,31.5
2024,LA,LA24_P31,4,4,0,122,30.5
2024,LA,LA24_P32,4,4,0,119,29.75
2024,LA,LA24_P33,4,4,0,119,29.75
2024,LA,LA24_P34,5,4,1,116,29
2024,LA,LA24_P35,4,4,0,116,29
2024,LA,LA24_P36,4,4,0,114,28.5
2024,LA,LA24_P37,4,4,0,114,28.5
2024,LA,LA24_P38,4,4,0,106,26.5
2024,LA,LA24_P39,4,4,0,102,25.5
2024,LA,LA24_P40,4,4,0,102,25.5
2024,LA,LA24_P41,4,4,0,100,25
2024,LA,LA24_P42,4,4,0,99,24.75
2024,LA,LA24_P43,4,4,0,98,24.5
2024,LA,LA24_P44,4,4,0,98,24.5
2024,LA,LA24_P45,4,4,0,96,24
2024,LA,LA24_P46,4,4,0,95,23.75
2024,LA,LA24_P47,4,4,0,93,23.25
2024,LA,LA24_P48,4,4,0,78,19.5
2024,LA,LA24_P49,4,4,0,76,19
2024,LA,LA24_P50,4,4,0,72,18
2024,LA,LA24_P51,4,4,0,72,18
2024,LA,LA24_P52,5,4,1,60,15
2024,LA,LA24_P53,4,4,0,58,14.5
2024,LA,LA24_P54,5,4,1,54,13.5
2024,LA,LA24_P55,4,4,0,53,13.25
2024,LA,LA24_P56,4,4,0,52,13
2024,LA,LA24_P57,4,4,0,43,10.75
2024,LA,LA24_P58,4,4,0,41,10.25
2024,LA,LA24_P59,4,4,0,40,10
2024,LA,LA24_P60,4,4,0,14,3.5
2024,LA,LA24_P61,3,3,0,111,37
2024,LA,LA24_P62,3,3,0,108,36
2024,LA,LA24_P63,3,3,0,99,33
2024,LA,LA24_P64,3,3,0,98,32.666666666666664
2024,LA,LA24_P65,3,3,0,96,32
2024,LA,LA24_P66,3,3,0,95,31.666666666666668
2024,LA,LA24_P67,4,3,1,91,30.333333333333332
2024,LA,LA24_P68,3,3,0,91,30.333333333333332
2024,LA,LA24_P69,3,3,0,86,28.666666666666668
2024,LA,LA24_P70,3,3,0,86,28.666666666666668
2024,LA,LA24_P71,3,3,0,85,28.333333333333332
2024,LA,LA24_P72,3,3,0,82,27.333333333333332
2024,LA,LA24_P73,4,3,1,81,27
2024,LA,LA24_P74,3,3,0,79,26.333333333333332
2024,LA,LA24_P75,3,3,0,79,26.333333333333332
2024,LA,LA24_P76,4,3,1,77,25.666666666666668
2024,LA,LA24_P77,3,3,0,69,23
2024,LA,LA24_P78,4,3,1,69,23
2024,LA,LA24_P79,3,3,0,68,22.666666666666668
2024,LA,LA24_P80,3,3,0,66,22
2024,LA,LA24_P81,3,3,0,65,21.666666666666668
2024,LA,LA24_P82,3,3,0,65,21.666666666666668
2024,LA,LA24_P83,3,3,0,61,20.333333333333332
2024,LA,LA24_P84,3,3,0,61,20.333333333333332
2024,LA,LA24_P85,3,3,0,61,20.333333333333332
2024,LA,LA24_P86,4,3,1,59,19.666666666666668
2024,LA,LA24_P87,3,3,0,58,19.333333333333332
2024,LA,LA24_P88,3,3,0,57,19
2024,LA,LA24_P89,3,3,0,52,17.333333333333332
2024,LA,LA24_P90,4,3,1,47,15.666666666666666
2024,LA,LA24_P91,4,3,1,46,15.333333333333334
2024,LA,LA24_P92,3,3,0,45,15
2024,LA,LA24_P93,3,3,0,41,13.666666666666666
2024,LA,LA24_P94,3,3,0,39,13
2024,LA,LA24_P95,3,3,0,38,12.666666666666666
2024,LA,LA24_P96,3,3,0,35,11.666666666666666
2024,LA,LA24_P97,3,3,0,27,9
2024,LA,LA24_P98,4,3,1,20,6.666666666666667
2024,LA,LA24_P99,3,3,0,18,6
2024,LA,LA24_P100,4,3,1,16,5.333333333333333
2024,LA,LA24_P101,4,3,1,9,3
2024,LA,LA24_P102,2,2,0,70,35
2024,LA,LA24_P103,2,2,0,69,34.5
2024,LA,LA24_P104,3,2,1,69,34.5
2024,LA,LA24_P105,3,2,1,63,31.5
2024,LA,LA24_P106,3,2,1,62,31
2024,LA,LA24_P107,3,2,1,59,29.5
2024,LA,LA24_P108,2,2,0,55,27.5
2024,LA,LA24_P109,3,2,1,48,24
2024,LA,LA24_P110,4,2,2,47,23.5
2024,LA,LA24_P111,3,2,1,43,21.5
2024,LA,LA24_P112,4,2,2,43,21.5
2024,LA,LA24_P113,2,2,0,42,21
2024,LA,LA24_P114,2,2,0,39,19.5
2024,LA,LA24_P115,3,2,1,35,17.5
2024,LA,LA24_P116,2,2,0,34,17
2024,LA,LA24_P117,3,2,1,34,17
2024,LA,LA24_P118,2,2,0,31,15.5
2024,LA,LA24_P119,3,2,1,24,12
2024,LA,LA24_P120,2,2,0,23,11.5
2024,LA,LA24_P121,2,2,0,18,9
2024,LA,LA24_P122,2,2,0,15,7.5
2024,LA,LA24_P123,2,2,0,13,6.5
2024,LA,LA24_P124,3,2,1,12,6
2024,LA,LA24_P125,2,2,0,11,5.5
2024,LA,LA24_P126,3,2,1,10,5
2024,LA,LA24_P127,3,2,1,10,5
2024,LA,LA24_P128,4,2,2,9,4.5
2024,LA,LA24_P129,2,2,0,8,4
2024,LA,LA24_P130,2,2,0,4,2
2024,LA,LA24_P131,3,2,1,4,2
2024,LA,LA24_P132,4,2,2,3,1.5
2024,LA,LA24_P133,1,1,0,36,36
2024,LA,LA24_P134,1,1,0,32,32
2024,LA,LA24_P135,1,1,0,31,31
2024,LA,LA24_P136,2,1,1,31,31
2024,LA,LA24_P137,4,1,3,30,30
2024,LA,LA24_P138,1,1,0,24,24
2024,LA,LA24_P139,3,1,2,20,20
2024,LA,LA24_P140,2,1,1,20,20
2024,LA,LA24_P141,1,1,0,18,18
2024,LA,LA24_P142,1,1,0,17,17
2024,LA,LA24_P143,2,1,1,14,14
2024,LA,LA24_P144,1,1,0,12,12
2024,LA,LA24_P145,1,1,0,12,12
2024,LA,LA24_P146,1,1,0,12,12
2024,LA,LA24_P147,1,1,0,10,10
2024,LA,LA24_P148,1,1,0,7,7
2024,LA,LA24_P149,1,1,0,7,7
2024,LA,LA24_P150,1,1,0,7,7
2024,LA,LA24_P151,1,1,0,7,7
2024,LA,LA24_P152,2,1,1,6,6
2024,LA,LA24_P153,3,1,2,5,5
2024,LA,LA24_P154,1,1,0,3,3
2024,LA,LA24_P155,1,1,0,1,1
2024,LA,LA24_P156,2,0,2,0,NA
2024,LA,LA24_P157,1,0,1,0,NA
2024,LA,LA24_P158,3,0,3,0,NA
2024,LA,LA24_P159,3,0,3,0,NA
2024,LA,LA24_P160,4,0,4,0,NA
2024,LA,LA24_P161,3,0,3,0,NA
2024,LA,LA24_P162,1,0,1,0,NA
2025,LA,LA25_P01,45,45,0,1397,31.044444444444444
2025,LA,LA25_P02,45,45,0,1273,28.288888888888888
2025,LA,LA25_P03,44,44,0,1532,34.81818181818182
2025,LA,LA25_P04,41,39,2,1198,30.71794871794872
2025,LA,LA25_P05,45,35,10,494,14.114285714285714
2025,LA,LA25_P06,35,34,1,966,28.41176470588235
2025,LA,LA25_P07,31,30,1,358,11.933333333333334
2025,LA,LA25_P08,34,29,5,529,18.24137931034483
2025,LA,LA25_P09,45,22,23,229,10.409090909090908
2025,LA,LA25_P10,21,21,0,172,8.19047619047619
2025,LA,LA25_P11,32,19,13,245,12.894736842105264
2025,LA,LA25_P12,45,17,28,84,4.9411764705882355
2025,LA,LA25_P13,19,14,5,408,29.142857142857142
2025,LA,LA25_P14,15,13,2,125,9.615384615384615
2025,LA,LA25_P15,21,8,13,48,6
2025,LA,LA25_P16,7,7,0,146,20.857142857142858
2025,LA,LA25_P17,7,7,0,64,9.142857142857142
2025,LA,LA25_P18,5,5,0,135,27
2025,LA,LA25_P19,5,5,0,132,26.4
2025,LA,LA25_P20,5,5,0,92,18.4
2025,LA,LA25_P21,5,5,0,67,13.4
2025,LA,LA25_P22,5,5,0,52,10.4
2025,LA,LA25_P23,4,4,0,141,35.25
2025,LA,LA25_P24,4,4,0,138,34.5
2025,LA,LA25_P25,4,4,0,136,34
2025,LA,LA25_P26,4,4,0,136,34
2025,LA,LA25_P27,4,4,0,134,33.5
2025,LA,LA25_P28,4,4,0,129,32.25
2025,LA,LA25_P29,4,4,0,129,32.25
2025,LA,LA25_P30,4,4,0,127,31.75
2025,LA,LA25_P31,4,4,0,123,30.75
2025,LA,LA25_P32,4,4,0,120,30
2025,LA,LA25_P33,4,4,0,120,30
2025,LA,LA25_P34,4,4,0,119,29.75
2025,LA,LA25_P35,4,4,0,118,29.5
2025,LA,LA25_P36,4,4,0,115,28.75
2025,LA,LA25_P37,4,4,0,115,28.75
2025,LA,LA25_P38,4,4,0,114,28.5
2025,LA,LA25_P39,4,4,0,112,28
2025,LA,LA25_P40,4,4,0,112,28
2025,LA,LA25_P41,4,4,0,109,27.25
2025,LA,LA25_P42,4,4,0,104,26
2025,LA,LA25_P43,4,4,0,103,25.75
2025,LA,LA25_P44,5,4,1,100,25
2025,LA,LA25_P45,4,4,0,100,25
2025,LA,LA25_P46,4,4,0,96,24
2025,LA,LA25_P47,4,4,0,95,23.75
2025,LA,LA25_P48,4,4,0,91,22.75
2025,LA,LA25_P49,4,4,0,82,20.5
2025,LA,LA25_P50,4,4,0,81,20.25
2025,LA,LA25_P51,4,4,0,80,20
2025,LA,LA25_P52,4,4,0,78,19.5
2025,LA,LA25_P53,4,4,0,77,19.25
2025,LA,LA25_P54,4,4,0,76,19
2025,LA,LA25_P55,4,4,0,74,18.5
2025,LA,LA25_P56,4,4,0,71,17.75
2025,LA,LA25_P57,4,4,0,62,15.5
2025,LA,LA25_P58,4,4,0,60,15
2025,LA,LA25_P59,4,4,0,57,14.25
2025,LA,LA25_P60,4,4,0,56,14
2025,LA,LA25_P61,4,4,0,56,14
2025,LA,LA25_P62,4,4,0,56,14
2025,LA,LA25_P63,4,4,0,53,13.25
2025,LA,LA25_P64,3,3,0,112,37.333333333333336
2025,LA,LA25_P65,3,3,0,103,34.333333333333336
2025,LA,LA25_P66,3,3,0,103,34.333333333333336
2025,LA,LA25_P67,3,3,0,103,34.333333333333336
2025,LA,LA25_P68,4,3,1,101,33.666666666666664
2025,LA,LA25_P69,3,3,0,100,33.333333333333336
2025,LA,LA25_P70,3,3,0,99,33
2025,LA,LA25_P71,4,3,1,96,32
2025,LA,LA25_P72,3,3,0,94,31.333333333333332
2025,LA,LA25_P73,3,3,0,93,31
2025,LA,LA25_P74,3,3,0,91,30.333333333333332
2025,LA,LA25_P75,4,3,1,90,30
2025,LA,LA25_P76,4,3,1,85,28.333333333333332
2025,LA,LA25_P77,3,3,0,83,27.666666666666668
2025,LA,LA25_P78,3,3,0,81,27
2025,LA,LA25_P79,3,3,0,78,26
2025,LA,LA25_P80,4,3,1,78,26
2025,LA,LA25_P81,3,3,0,77,25.666666666666668
2025,LA,LA25_P82,4,3,1,76,25.333333333333332
2025,LA,LA25_P83,3,3,0,76,25.333333333333332
2025,LA,LA25_P84,3,3,0,74,24.666666666666668
2025,LA,LA25_P85,3,3,0,71,23.666666666666668
2025,LA,LA25_P86,3,3,0,70,23.333333333333332
2025,LA,LA25_P87,3,3,0,70,23.333333333333332
2025,LA,LA25_P88,3,3,0,68,22.666666666666668
2025,LA,LA25_P89,4,3,1,68,22.666666666666668
2025,LA,LA25_P90,4,3,1,64,21.333333333333332
2025,LA,LA25_P91,4,3,1,63,21
2025,LA,LA25_P92,3,3,0,63,21
2025,LA,LA25_P93,4,3,1,62,20.666666666666668
2025,LA,LA25_P94,3,3,0,59,19.666666666666668
2025,LA,LA25_P95,3,3,0,55,18.333333333333332
2025,LA,LA25_P96,3,3,0,53,17.666666666666668
2025,LA,LA25_P97,4,3,1,50,16.666666666666668
2025,LA,LA25_P98,4,3,1,50,16.666666666666668
2025,LA,LA25_P99,3,3,0,49,16.333333333333332
2025,LA,LA25_P100,4,3,1,45,15
2025,LA,LA25_P101,4,3,1,44,14.666666666666666
2025,LA,LA25_P102,3,3,0,43,14.333333333333334
2025,LA,LA25_P103,4,3,1,35,11.666666666666666
2025,LA,LA25_P104,3,3,0,32,10.666666666666666
2025,LA,LA25_P105,3,3,0,26,8.666666666666666
2025,LA,LA25_P106,3,3,0,21,7
2025,LA,LA25_P107,3,3,0,21,7
2025,LA,LA25_P108,4,3,1,21,7
2025,LA,LA25_P109,3,3,0,19,6.333333333333333
2025,LA,LA25_P110,3,3,0,18,6
2025,LA,LA25_P111,3,3,0,5,1.6666666666666667
2025,LA,LA25_P112,4,3,1,5,1.6666666666666667
2025,LA,LA25_P113,2,2,0,67,33.5
2025,LA,LA25_P114,3,2,1,62,31
2025,LA,LA25_P115,3,2,1,60,30
2025,LA,LA25_P116,2,2,0,49,24.5
2025,LA,LA25_P117,4,2,2,47,23.5
2025,LA,LA25_P118,3,2,1,44,22
2025,LA,LA25_P119,2,2,0,44,22
2025,LA,LA25_P120,3,2,1,40,20
2025,LA,LA25_P121,4,2,2,40,20
2025,LA,LA25_P122,2,2,0,39,19.5
2025,LA,LA25_P123,3,2,1,36,18
2025,LA,LA25_P124,4,2,2,34,17
2025,LA,LA25_P125,2,2,0,32,16
2025,LA,LA25_P126,4,2,2,30,15
2025,LA,LA25_P127,2,2,0,28,14
2025,LA,LA25_P128,3,2,1,25,12.5
2025,LA,LA25_P129,3,2,1,24,12
2025,LA,LA25_P130,3,2,1,21,10.5
2025,LA,LA25_P131,3,2,1,20,10
2025,LA,LA25_P132,2,2,0,19,9.5
2025,LA,LA25_P133,4,2,2,17,8.5
2025,LA,LA25_P134,2,2,0,13,6.5
2025,LA,LA25_P135,2,2,0,13,6.5
2025,LA,LA25_P136,3,2,1,11,5.5
2025,LA,LA25_P137,2,2,0,10,5
2025,LA,LA25_P138,2,2,0,9,4.5
2025,LA,LA25_P139,2,2,0,8,4
2025,LA,LA25_P140,2,2,0,7,3.5
2025,LA,LA25_P141,2,2,0,7,3.5
2025,LA,LA25_P142,1,1,0,36,36
2025,LA,LA25_P143,2,1,1,35,35
2025,LA,LA25_P144,2,1,1,33,33
2025,LA,LA25_P145,1,1,0,32,32
2025,LA,LA25_P146,3,1,2,27,27
2025,LA,LA25_P147,1,1,0,23,23
2025,LA,LA25_P148,3,1,2,21,21
2025,LA,LA25_P149,1,1,0,19,19
2025,LA,LA25_P150,1,1,0,17,17
2025,LA,LA25_P151,1,1,0,15,15
2025,LA,LA25_P152,3,1,2,14,14
2025,LA,LA25_P153,1,1,0,13,13
2025,LA,LA25_P154,2,1,1,10,10
2025,LA,LA25_P155,2,1,1,10,10
2025,LA,LA25_P156,3,1,2,9,9
2025,LA,LA25_P157,1,1,0,9,9
2025,LA,LA25_P158,1,1,0,8,8
2025,LA,LA25_P159,1,1,0,6,6
2025,LA,LA25_P160,2,1,1,5,5
2025,LA,LA25_P161,4,1,3,5,5
2025,LA,LA25_P162,1,1,0,4,4
2025,LA,LA25_P163,1,1,0,4,4
2025,LA,LA25_P164,1,1,0,3,3
2025,LA,LA25_P165,1,1,0,1,1
2025,LA,LA25_P166,1,0,1,0,NA
2025,LA,LA25_P167,3,0,3,0,NA
2025,LA,LA25_P168,2,0,2,0,NA
2025,LA,LA25_P169,1,0,1,0,NA
2025,LA,LA25_P170,2,0,2,0,NA
2025,LA,LA25_P171,4,0,4,0,NA
2025,LA,LA25_P172,3,0,3,0,NA
2025,LA,LA25_P173,1,0,1,0,NA
2025,LA,LA25_P174,3,0,3,0,NA
2025,LA,LA25_P175,4,0,4,0,NA
2025,LA,LA25_P176,1,0,1,0,NA
2024,LV,LV24_P01,47,47,0,1147,24.404255319148938
2024,LV,LV24_P02,46,45,1,1548,34.4
2024,LV,LV24_P03,45,45,0,1517,33.71111111111111
2024,LV,LV24_P04,44,44,0,1413,32.11363636363637
2024,LV,LV24_P05,44,44,0,788,17.90909090909091
2024,LV,LV24_P06,47,43,4,456,10.604651162790697
2024,LV,LV24_P07,39,39,0,843,21.615384615384617
2024,LV,LV24_P08,47,38,9,289,7.605263157894737
2024,LV,LV24_P09,47,36,11,404,11.222222222222221
2024,LV,LV24_P10,37,33,4,893,27.060606060606062
2024,LV,LV24_P11,37,8,29,63,7.875
2024,LV,LV24_P12,7,7,0,250,35.714285714285715
2024,LV,LV24_P13,7,7,0,243,34.714285714285715
2024,LV,LV24_P14,7,7,0,217,31
2024,LV,LV24_P15,7,7,0,195,27.857142857142858
2024,LV,LV24_P16,7,7,0,117,16.714285714285715
2024,LV,LV24_P17,7,7,0,56,8
2024,LV,LV24_P18,6,6,0,212,35.333333333333336
2024,LV,LV24_P19,6,6,0,201,33.5
2024,LV,LV24_P20,6,6,0,156,26
2024,LV,LV24_P21,6,6,0,126,21
2024,LV,LV24_P22,6,6,0,108,18
2024,LV,LV24_P23,13,6,7,20,3.3333333333333335
2024,LV,LV24_P24,6,5,1,165,33
2024,LV,LV24_P25,6,5,1,85,17
2024,LV,LV24_P26,5,5,0,78,15.6
2024,LV,LV24_P27,6,5,1,62,12.4
2024,LV,LV24_P28,6,5,1,53,10.6
2024,LV,LV24_P29,6,5,1,48,9.6
2024,LV,LV24_P30,4,4,0,140,35
2024,LV,LV24_P31,4,4,0,139,34.75
2024,LV,LV24_P32,4,4,0,138,34.5
2024,LV,LV24_P33,4,4,0,137,34.25
2024,LV,LV24_P34,4,4,0,136,34
2024,LV,LV24_P35,5,4,1,135,33.75
2024,LV,LV24_P36,4,4,0,134,33.5
2024,LV,LV24_P37,4,4,0,134,33.5
2024,LV,LV24_P38,4,4,0,129,32.25
2024,LV,LV24_P39,4,4,0,121,30.25
2024,LV,LV24_P40,4,4,0,120,30
2024,LV,LV24_P41,4,4,0,120,30
2024,LV,LV24_P42,4,4,0,116,29
2024,LV,LV24_P43,4,4,0,116,29
2024,LV,LV24_P44,4,4,0,114,28.5
2024,LV,LV24_P45,4,4,0,114,28.5
2024,LV,LV24_P46,4,4,0,112,28
2024,LV,LV24_P47,4,4,0,109,27.25
2024,LV,LV24_P48,4,4,0,100,25
2024,LV,LV24_P49,4,4,0,90,22.5
2024,LV,LV24_P50,4,4,0,88,22
2024,LV,LV24_P51,4,4,0,83,20.75
2024,LV,LV24_P52,4,4,0,81,20.25
2024,LV,LV24_P53,4,4,0,80,20
2024,LV,LV24_P54,4,4,0,74,18.5
2024,LV,LV24_P55,4,4,0,72,18
2024,LV,LV24_P56,4,4,0,62,15.5
2024,LV,LV24_P57,4,4,0,62,15.5
2024,LV,LV24_P58,4,4,0,57,14.25
2024,LV,LV24_P59,4,4,0,52,13
2024,LV,LV24_P60,4,4,0,51,12.75
2024,LV,LV24_P61,4,4,0,50,12.5
2024,LV,LV24_P62,4,4,0,49,12.25
2024,LV,LV24_P63,4,4,0,48,12
2024,LV,LV24_P64,4,4,0,42,10.5
2024,LV,LV24_P65,6,4,2,30,7.5
2024,LV,LV24_P66,13,4,9,20,5
2024,LV,LV24_P67,3,3,0,114,38
2024,LV,LV24_P68,3,3,0,114,38
2024,LV,LV24_P69,3,3,0,109,36.333333333333336
2024,LV,LV24_P70,3,3,0,102,34
2024,LV,LV24_P71,3,3,0,99,33
2024,LV,LV24_P72,3,3,0,99,33
2024,LV,LV24_P73,3,3,0,94,31.333333333333332
2024,LV,LV24_P74,3,3,0,93,31
2024,LV,LV24_P75,3,3,0,92,30.666666666666668
2024,LV,LV24_P76,3,3,0,91,30.333333333333332
2024,LV,LV24_P77,3,3,0,91,30.333333333333332
2024,LV,LV24_P78,3,3,0,89,29.666666666666668
2024,LV,LV24_P79,3,3,0,88,29.333333333333332
2024,LV,LV24_P80,4,3,1,85,28.333333333333332
2024,LV,LV24_P81,4,3,1,83,27.666666666666668
2024,LV,LV24_P82,3,3,0,82,27.333333333333332
2024,LV,LV24_P83,3,3,0,77,25.666666666666668
2024,LV,LV24_P84,3,3,0,70,23.333333333333332
2024,LV,LV24_P85,3,3,0,65,21.666666666666668
2024,LV,LV24_P86,3,3,0,63,21
2024,LV,LV24_P87,4,3,1,62,20.666666666666668
2024,LV,LV24_P88,3,3,0,62,20.666666666666668
2024,LV,LV24_P89,3,3,0,61,20.333333333333332
2024,LV,LV24_P90,3,3,0,54,18
2024,LV,LV24_P91,3,3,0,51,17
2024,LV,LV24_P92,3,3,0,48,16
2024,LV,LV24_P93,3,3,0,44,14.666666666666666
2024,LV,LV24_P94,3,3,0,43,14.333333333333334
2024,LV,LV24_P95,3,3,0,43,14.333333333333334
2024,LV,LV24_P96,3,3,0,42,14
2024,LV,LV24_P97,3,3,0,40,13.333333333333334
2024,LV,LV24_P98,4,3,1,27,9
2024,LV,LV24_P99,3,3,0,22,7.333333333333333
2024,LV,LV24_P100,4,3,1,19,6.333333333333333
2024,LV,LV24_P101,7,3,4,19,6.333333333333333
2024,LV,LV24_P102,3,3,0,17,5.666666666666667
2024,LV,LV24_P103,3,3,0,14,4.666666666666667
2024,LV,LV24_P104,4,3,1,12,4
2024,LV,LV24_P105,2,2,0,70,35
2024,LV,LV24_P106,2,2,0,64,32
2024,LV,LV24_P107,2,2,0,60,30
2024,LV,LV24_P108,2,2,0,58,29
2024,LV,LV24_P109,2,2,0,56,28
2024,LV,LV24_P110,2,2,0,52,26
2024,LV,LV24_P111,2,2,0,52,26
2024,LV,LV24_P112,2,2,0,50,25
2024,LV,LV24_P113,2,2,0,47,23.5
2024,LV,LV24_P114,2,2,0,40,20
2024,LV,LV24_P115,3,2,1,30,15
2024,LV,LV24_P116,2,2,0,26,13
2024,LV,LV24_P117,2,2,0,23,11.5
2024,LV,LV24_P118,3,2,1,19,9.5
2024,LV,LV24_P119,3,2,1,18,9
2024,LV,LV24_P120,2,2,0,17,8.5
2024,LV,LV24_P121,3,2,1,15,7.5
2024,LV,LV24_P122,3,2,1,14,7
2024,LV,LV24_P123,5,2,3,14,7
2024,LV,LV24_P124,4,2,2,13,6.5
2024,LV,LV24_P125,3,2,1,11,5.5
2024,LV,LV24_P126,3,2,1,4,2
2024,LV,LV24_P127,4,2,2,4,2
2024,LV,LV24_P128,7,2,5,4,2
2024,LV,LV24_P129,3,1,2,27,27
2024,LV,LV24_P130,1,1,0,26,26
2024,LV,LV24_P131,1,1,0,26,26
2024,LV,LV24_P132,1,1,0,25,25
2024,LV,LV24_P133,2,1,1,23,23
2024,LV,LV24_P134,1,1,0,20,20
2024,LV,LV24_P135,1,1,0,19,19
2024,LV,LV24_P136,1,1,0,19,19
2024,LV,LV24_P137,1,1,0,18,18
2024,LV,LV24_P138,1,1,0,16,16
2024,LV,LV24_P139,1,1,0,15,15
2024,LV,LV24_P140,1,1,0,15,15
2024,LV,LV24_P141,1,1,0,15,15
2024,LV,LV24_P142,1,1,0,15,15
2024,LV,LV24_P143,1,1,0,14,14
2024,LV,LV24_P144,1,1,0,13,13
2024,LV,LV24_P145,1,1,0,13,13
2024,LV,LV24_P146,1,1,0,12,12
2024,LV,LV24_P147,1,1,0,11,11
2024,LV,LV24_P148,2,1,1,9,9
2024,LV,LV24_P149,3,1,2,8,8
2024,LV,LV24_P150,4,1,3,6,6
2024,LV,LV24_P151,2,1,1,4,4
2024,LV,LV24_P152,2,1,1,3,3
2024,LV,LV24_P153,6,1,5,3,3
2024,LV,LV24_P154,2,1,1,3,3
2024,LV,LV24_P155,4,1,3,3,3
2024,LV,LV24_P156,4,1,3,2,2
2024,LV,LV24_P157,1,1,0,1,1
2024,LV,LV24_P158,2,1,1,1,1
2024,LV,LV24_P159,6,1,5,1,1
2024,LV,LV24_P160,2,0,2,0,NA
2024,LV,LV24_P161,2,0,2,0,NA
2024,LV,LV24_P162,2,0,2,0,NA
2024,LV,LV24_P163,3,0,3,0,NA
2024,LV,LV24_P164,2,0,2,0,NA
2024,LV,LV24_P165,2,0,2,0,NA
2025,LV,LV25_P01,58,58,0,1841,31.74137931034483
2025,LV,LV25_P02,58,58,0,1805,31.120689655172413
2025,LV,LV25_P03,58,58,0,1635,28.189655172413794
2025,LV,LV25_P04,56,56,0,1018,18.178571428571427
2025,LV,LV25_P05,56,54,2,1723,31.90740740740741
2025,LV,LV25_P06,58,52,6,731,14.057692307692308
2025,LV,LV25_P07,57,49,8,573,11.693877551020408
2025,LV,LV25_P08,57,46,11,563,12.23913043478261
2025,LV,LV25_P09,42,41,1,916,22.341463414634145
2025,LV,LV25_P10,50,30,20,328,10.933333333333334
2025,LV,LV25_P11,22,20,2,260,13
2025,LV,LV25_P12,18,14,4,114,8.142857142857142
2025,LV,LV25_P13,9,9,0,288,32
2025,LV,LV25_P14,9,9,0,253,28.11111111111111
2025,LV,LV25_P15,9,9,0,215,23.88888888888889
2025,LV,LV25_P16,9,9,0,174,19.333333333333332
2025,LV,LV25_P17,9,9,0,127,14.11111111111111
2025,LV,LV25_P18,9,9,0,122,13.555555555555555
2025,LV,LV25_P19,8,8,0,261,32.625
2025,LV,LV25_P20,8,8,0,260,32.5
2025,LV,LV25_P21,8,8,0,254,31.75
2025,LV,LV25_P22,9,8,1,219,27.375
2025,LV,LV25_P23,8,8,0,198,24.75
2025,LV,LV25_P24,23,8,15,52,6.5
2025,LV,LV25_P25,7,7,0,229,32.714285714285715
2025,LV,LV25_P26,7,7,0,216,30.857142857142858
2025,LV,LV25_P27,7,7,0,216,30.857142857142858
2025,LV,LV25_P28,7,7,0,207,29.571428571428573
2025,LV,LV25_P29,7,7,0,196,28
2025,LV,LV25_P30,7,7,0,171,24.428571428571427
2025,LV,LV25_P31,7,7,0,123,17.571428571428573
2025,LV,LV25_P32,8,7,1,101,14.428571428571429
2025,LV,LV25_P33,8,7,1,58,8.285714285714286
2025,LV,LV25_P34,13,7,6,39,5.571428571428571
2025,LV,LV25_P35,7,6,1,158,26.333333333333332
2025,LV,LV25_P36,9,6,3,54,9
2025,LV,LV25_P37,6,5,1,130,26
2025,LV,LV25_P38,5,5,0,97,19.4
2025,LV,LV25_P39,5,5,0,91,18.2
2025,LV,LV25_P40,5,5,0,87,17.4
2025,LV,LV25_P41,9,5,4,54,10.8
2025,LV,LV25_P42,5,5,0,34,6.8
2025,LV,LV25_P43,4,4,0,142,35.5
2025,LV,LV25_P44,4,4,0,136,34
2025,LV,LV25_P45,4,4,0,129,32.25
2025,LV,LV25_P46,5,4,1,127,31.75
2025,LV,LV25_P47,4,4,0,125,31.25
2025,LV,LV25_P48,4,4,0,119,29.75
2025,LV,LV25_P49,4,4,0,116,29
2025,LV,LV25_P50,4,4,0,115,28.75
2025,LV,LV25_P51,4,4,0,114,28.5
2025,LV,LV25_P52,4,4,0,112,28
2025,LV,LV25_P53,4,4,0,112,28
2025,LV,LV25_P54,4,4,0,110,27.5
2025,LV,LV25_P55,4,4,0,107,26.75
2025,LV,LV25_P56,4,4,0,106,26.5
2025,LV,LV25_P57,4,4,0,106,26.5
2025,LV,LV25_P58,4,4,0,101,25.25
2025,LV,LV25_P59,4,4,0,94,23.5
2025,LV,LV25_P60,4,4,0,92,23
2025,LV,LV25_P61,4,4,0,89,22.25
2025,LV,LV25_P62,5,4,1,88,22
2025,LV,LV25_P63,4,4,0,88,22
2025,LV,LV25_P64,4,4,0,85,21.25
2025,LV,LV25_P65,4,4,0,85,21.25
2025,LV,LV25_P66,4,4,0,78,19.5
2025,LV,LV25_P67,4,4,0,74,18.5
2025,LV,LV25_P68,4,4,0,73,18.25
2025,LV,LV25_P69,4,4,0,71,17.75
2025,LV,LV25_P70,4,4,0,69,17.25
2025,LV,LV25_P71,4,4,0,67,16.75
2025,LV,LV25_P72,4,4,0,64,16
2025,LV,LV25_P73,4,4,0,54,13.5
2025,LV,LV25_P74,4,4,0,52,13
2025,LV,LV25_P75,9,4,5,51,12.75
2025,LV,LV25_P76,8,4,4,49,12.25
2025,LV,LV25_P77,5,4,1,48,12
2025,LV,LV25_P78,4,4,0,38,9.5
2025,LV,LV25_P79,6,4,2,30,7.5
2025,LV,LV25_P80,3,3,0,109,36.333333333333336
2025,LV,LV25_P81,3,3,0,98,32.666666666666664
2025,LV,LV25_P82,3,3,0,92,30.666666666666668
2025,LV,LV25_P83,3,3,0,91,30.333333333333332
2025,LV,LV25_P84,3,3,0,90,30
2025,LV,LV25_P85,4,3,1,82,27.333333333333332
2025,LV,LV25_P86,3,3,0,79,26.333333333333332
2025,LV,LV25_P87,3,3,0,79,26.333333333333332
2025,LV,LV25_P88,3,3,0,77,25.666666666666668
2025,LV,LV25_P89,3,3,0,76,25.333333333333332
2025,LV,LV25_P90,4,3,1,76,25.333333333333332
2025,LV,LV25_P91,7,3,4,74,24.666666666666668
2025,LV,LV25_P92,4,3,1,72,24
2025,LV,LV25_P93,4,3,1,70,23.333333333333332
2025,LV,LV25_P94,3,3,0,69,23
2025,LV,LV25_P95,3,3,0,68,22.666666666666668
2025,LV,LV25_P96,3,3,0,65,21.666666666666668
2025,LV,LV25_P97,3,3,0,65,21.666666666666668
2025,LV,LV25_P98,3,3,0,61,20.333333333333332
2025,LV,LV25_P99,3,3,0,61,20.333333333333332
2025,LV,LV25_P100,4,3,1,60,20
2025,LV,LV25_P101,5,3,2,54,18
2025,LV,LV25_P102,3,3,0,53,17.666666666666668
2025,LV,LV25_P103,3,3,0,51,17
2025,LV,LV25_P104,3,3,0,51,17
2025,LV,LV25_P105,3,3,0,50,16.666666666666668
2025,LV,LV25_P106,4,3,1,46,15.333333333333334
2025,LV,LV25_P107,3,3,0,45,15
2025,LV,LV25_P108,3,3,0,45,15
2025,LV,LV25_P109,4,3,1,41,13.666666666666666
2025,LV,LV25_P110,3,3,0,35,11.666666666666666
2025,LV,LV25_P111,3,3,0,26,8.666666666666666
2025,LV,LV25_P112,4,3,1,25,8.333333333333334
2025,LV,LV25_P113,4,3,1,25,8.333333333333334
2025,LV,LV25_P114,4,3,1,23,7.666666666666667
2025,LV,LV25_P115,3,3,0,21,7
2025,LV,LV25_P116,7,3,4,18,6
2025,LV,LV25_P117,3,3,0,10,3.3333333333333335
2025,LV,LV25_P118,3,2,1,73,36.5
2025,LV,LV25_P119,2,2,0,67,33.5
2025,LV,LV25_P120,3,2,1,65,32.5
2025,LV,LV25_P121,3,2,1,64,32
2025,LV,LV25_P122,3,2,1,64,32
2025,LV,LV25_P123,3,2,1,63,31.5
2025,LV,LV25_P124,3,2,1,56,28
2025,LV,LV25_P125,4,2,2,53,26.5
2025,LV,LV25_P126,4,2,2,53,26.5
2025,LV,LV25_P127,2,2,0,53,26.5
2025,LV,LV25_P128,2,2,0,49,24.5
2025,LV,LV25_P129,3,2,1,48,24
2025,LV,LV25_P130,3,2,1,47,23.5
2025,LV,LV25_P131,2,2,0,41,20.5
2025,LV,LV25_P132,2,2,0,35,17.5
2025,LV,LV25_P133,3,2,1,34,17
2025,LV,LV25_P134,3,2,1,33,16.5
2025,LV,LV25_P135,3,2,1,29,14.5
2025,LV,LV25_P136,3,2,1,29,14.5
2025,LV,LV25_P137,3,2,1,25,12.5
2025,LV,LV25_P138,2,2,0,21,10.5
2025,LV,LV25_P139,2,2,0,20,10
2025,LV,LV25_P140,2,2,0,19,9.5
2025,LV,LV25_P141,2,2,0,18,9
2025,LV,LV25_P142,5,2,3,17,8.5
2025,LV,LV25_P143,2,2,0,14,7
2025,LV,LV25_P144,2,2,0,14,7
2025,LV,LV25_P145,4,2,2,12,6
2025,LV,LV25_P146,7,2,5,9,4.5
2025,LV,LV25_P147,2,2,0,9,4.5
2025,LV,LV25_P148,2,2,0,9,4.5
2025,LV,LV25_P149,3,2,1,8,4
2025,LV,LV25_P150,2,2,0,7,3.5
2025,LV,LV25_P151,5,2,3,5,2.5
2025,LV,LV25_P152,2,1,1,37,37
2025,LV,LV25_P153,3,1,2,37,37
2025,LV,LV25_P154,5,1,4,35,35
2025,LV,LV25_P155,3,1,2,34,34
2025,LV,LV25_P156,1,1,0,32,32
2025,LV,LV25_P157,3,1,2,23,23
2025,LV,LV25_P158,1,1,0,20,20
2025,LV,LV25_P159,1,1,0,15,15
2025,LV,LV25_P160,1,1,0,12,12
2025,LV,LV25_P161,2,1,1,12,12
2025,LV,LV25_P162,1,1,0,10,10
2025,LV,LV25_P163,2,1,1,10,10
2025,LV,LV25_P164,4,1,3,10,10
2025,LV,LV25_P165,1,1,0,10,10
2025,LV,LV25_P166,1,1,0,10,10
2025,LV,LV25_P167,1,1,0,9,9
2025,LV,LV25_P168,1,1,0,8,8
2025,LV,LV25_P169,2,1,1,7,7
2025,LV,LV25_P170,1,1,0,6,6
2025,LV,LV25_P171,5,1,4,5,5
2025,LV,LV25_P172,3,1,2,4,4
2025,LV,LV25_P173,1,1,0,4,4
2025,LV,LV25_P174,1,1,0,4,4
2025,LV,LV25_P175,3,1,2,4,4
2025,LV,LV25_P176,1,1,0,3,3
2025,LV,LV25_P177,6,1,5,2,2
2025,LV,LV25_P178,1,1,0,2,2
2025,LV,LV25_P179,3,1,2,1,1
2025,LV,LV25_P180,2,1,1,1,1
2025,LV,LV25_P181,1,1,0,1,1
2025,LV,LV25_P182,2,1,1,1,1
2025,LV,LV25_P183,7,0,7,0,NA
2025,LV,LV25_P184,1,0,1,0,NA
2025,LV,LV25_P185,2,0,2,0,NA
2025,LV,LV25_P186,3,0,3,0,NA
2025,LV,LV25_P187,1,0,1,0,NA
2025,LV,LV25_P188,3,0,3,0,NA
2024,MIN,MIN24_P01,55,55,0,1485,27
2024,MIN,MIN24_P02,55,55,0,826,15.018181818181818
2024,MIN,MIN24_P03,55,54,1,1648,30.51851851851852
2024,MIN,MIN24_P04,55,54,1,1441,26.685185185185187
2024,MIN,MIN24_P05,55,53,2,1719,32.43396226415094
2024,MIN,MIN24_P06,53,52,1,605,11.634615384615385
2024,MIN,MIN24_P07,54,49,5,1720,35.10204081632653
2024,MIN,MIN24_P08,50,42,8,607,14.452380952380953
2024,MIN,MIN24_P09,29,27,2,430,15.925925925925926
2024,MIN,MIN24_P10,52,26,26,244,9.384615384615385
2024,MIN,MIN24_P11,55,23,32,170,7.391304347826087
2024,MIN,MIN24_P12,42,22,20,147,6.681818181818182
2024,MIN,MIN24_P13,29,16,13,61,3.8125
2024,MIN,MIN24_P14,9,9,0,341,37.888888888888886
2024,MIN,MIN24_P15,9,9,0,318,35.333333333333336
2024,MIN,MIN24_P16,9,9,0,301,33.44444444444444
2024,MIN,MIN24_P17,9,9,0,267,29.666666666666668
2024,MIN,MIN24_P18,9,9,0,258,28.666666666666668
2024,MIN,MIN24_P19,9,9,0,126,14
2024,MIN,MIN24_P20,9,9,0,122,13.555555555555555
2024,MIN,MIN24_P21,8,8,0,314,39.25
2024,MIN,MIN24_P22,8,8,0,275,34.375
2024,MIN,MIN24_P23,8,8,0,267,33.375
2024,MIN,MIN24_P24,8,8,0,247,30.875
2024,MIN,MIN24_P25,8,8,0,180,22.5
2024,MIN,MIN24_P26,7,7,0,125,17.857142857142858
2024,MIN,MIN24_P27,8,7,1,84,12
2024,MIN,MIN24_P28,8,7,1,41,5.857142857142857
2024,MIN,MIN24_P29,6,6,0,207,34.5
2024,MIN,MIN24_P30,6,6,0,187,31.166666666666668
2024,MIN,MIN24_P31,6,6,0,168,28
2024,MIN,MIN24_P32,6,6,0,159,26.5
2024,MIN,MIN24_P33,8,6,2,148,24.666666666666668
2024,MIN,MIN24_P34,6,6,0,147,24.5
2024,MIN,MIN24_P35,6,6,0,98,16.333333333333332
2024,MIN,MIN24_P36,5,5,0,143,28.6
2024,MIN,MIN24_P37,6,5,1,136,27.2
2024,MIN,MIN24_P38,5,5,0,117,23.4
2024,MIN,MIN24_P39,5,5,0,115,23
2024,MIN,MIN24_P40,5,5,0,106,21.2
2024,MIN,MIN24_P41,5,5,0,99,19.8
2024,MIN,MIN24_P42,9,5,4,33,6.6
2024,MIN,MIN24_P43,6,5,1,31,6.2
2024,MIN,MIN24_P44,4,4,0,154,38.5
2024,MIN,MIN24_P45,4,4,0,137,34.25
2024,MIN,MIN24_P46,4,4,0,135,33.75
2024,MIN,MIN24_P47,4,4,0,134,33.5
2024,MIN,MIN24_P48,4,4,0,133,33.25
2024,MIN,MIN24_P49,4,4,0,131,32.75
2024,MIN,MIN24_P50,4,4,0,131,32.75
2024,MIN,MIN24_P51,4,4,0,128,32
2024,MIN,MIN24_P52,4,4,0,127,31.75
2024,MIN,MIN24_P53,4,4,0,126,31.5
2024,MIN,MIN24_P54,4,4,0,118,29.5
2024,MIN,MIN24_P55,4,4,0,116,29
2024,MIN,MIN24_P56,4,4,0,116,29
2024,MIN,MIN24_P57,4,4,0,114,28.5
2024,MIN,MIN24_P58,4,4,0,106,26.5
2024,MIN,MIN24_P59,4,4,0,105,26.25
2024,MIN,MIN24_P60,4,4,0,104,26
2024,MIN,MIN24_P61,4,4,0,101,25.25
2024,MIN,MIN24_P62,5,4,1,84,21
2024,MIN,MIN24_P63,4,4,0,80,20
2024,MIN,MIN24_P64,4,4,0,75,18.75
2024,MIN,MIN24_P65,4,4,0,74,18.5
2024,MIN,MIN24_P66,4,4,0,71,17.75
2024,MIN,MIN24_P67,4,4,0,71,17.75
2024,MIN,MIN24_P68,5,4,1,69,17.25
2024,MIN,MIN24_P69,4,4,0,67,16.75
2024,MIN,MIN24_P70,4,4,0,67,16.75
2024,MIN,MIN24_P71,4,4,0,67,16.75
2024,MIN,MIN24_P72,4,4,0,64,16
2024,MIN,MIN24_P73,5,4,1,63,15.75
2024,MIN,MIN24_P74,4,4,0,61,15.25
2024,MIN,MIN24_P75,4,4,0,54,13.5
2024,MIN,MIN24_P76,4,4,0,53,13.25
2024,MIN,MIN24_P77,4,4,0,53,13.25
2024,MIN,MIN24_P78,4,4,0,49,12.25
2024,MIN,MIN24_P79,4,4,0,44,11
2024,MIN,MIN24_P80,4,4,0,41,10.25
2024,MIN,MIN24_P81,4,4,0,40,10
2024,MIN,MIN24_P82,5,4,1,29,7.25
2024,MIN,MIN24_P83,4,4,0,28,7
2024,MIN,MIN24_P84,4,3,1,118,39.333333333333336
2024,MIN,MIN24_P85,3,3,0,111,37
2024,MIN,MIN24_P86,3,3,0,107,35.666666666666664
2024,MIN,MIN24_P87,3,3,0,105,35
2024,MIN,MIN24_P88,4,3,1,97,32.333333333333336
2024,MIN,MIN24_P89,4,3,1,90,30
2024,MIN,MIN24_P90,4,3,1,89,29.666666666666668
2024,MIN,MIN24_P91,3,3,0,84,28
2024,MIN,MIN24_P92,3,3,0,81,27
2024,MIN,MIN24_P93,3,3,0,67,22.333333333333332
2024,MIN,MIN24_P94,4,3,1,61,20.333333333333332
2024,MIN,MIN24_P95,4,3,1,60,20
2024,MIN,MIN24_P96,3,3,0,58,19.333333333333332
2024,MIN,MIN24_P97,3,3,0,56,18.666666666666668
2024,MIN,MIN24_P98,3,3,0,53,17.666666666666668
2024,MIN,MIN24_P99,3,3,0,39,13
2024,MIN,MIN24_P100,4,3,1,39,13
2024,MIN,MIN24_P101,3,3,0,38,12.666666666666666
2024,MIN,MIN24_P102,4,3,1,33,11
2024,MIN,MIN24_P103,4,3,1,32,10.666666666666666
2024,MIN,MIN24_P104,3,3,0,29,9.666666666666666
2024,MIN,MIN24_P105,4,3,1,29,9.666666666666666
2024,MIN,MIN24_P106,5,3,2,28,9.333333333333334
2024,MIN,MIN24_P107,3,3,0,25,8.333333333333334
2024,MIN,MIN24_P108,3,3,0,20,6.666666666666667
2024,MIN,MIN24_P109,4,3,1,17,5.666666666666667
2024,MIN,MIN24_P110,4,3,1,16,5.333333333333333
2024,MIN,MIN24_P111,3,3,0,8,2.6666666666666665
2024,MIN,MIN24_P112,2,2,0,60,30
2024,MIN,MIN24_P113,4,2,2,60,30
2024,MIN,MIN24_P114,6,2,4,55,27.5
2024,MIN,MIN24_P115,3,2,1,52,26
2024,MIN,MIN24_P116,3,2,1,49,24.5
2024,MIN,MIN24_P117,8,2,6,44,22
2024,MIN,MIN24_P118,3,2,1,42,21
2024,MIN,MIN24_P119,4,2,2,37,18.5
2024,MIN,MIN24_P120,3,2,1,36,18
2024,MIN,MIN24_P121,2,2,0,36,18
2024,MIN,MIN24_P122,3,2,1,34,17
2024,MIN,MIN24_P123,3,2,1,31,15.5
2024,MIN,MIN24_P124,4,2,2,28,14
2024,MIN,MIN24_P125,2,2,0,23,11.5
2024,MIN,MIN24_P126,2,2,0,20,10
2024,MIN,MIN24_P127,2,2,0,15,7.5
2024,MIN,MIN24_P128,3,2,1,14,7
2024,MIN,MIN24_P129,2,2,0,11,5.5
2024,MIN,MIN24_P130,4,2,2,8,4
2024,MIN,MIN24_P131,8,2,6,7,3.5
2024,MIN,MIN24_P132,4,2,2,7,3.5
2024,MIN,MIN24_P133,2,2,0,7,3.5
2024,MIN,MIN24_P134,2,2,0,4,2
2024,MIN,MIN24_P135,2,2,0,4,2
2024,MIN,MIN24_P136,3,1,2,37,37
2024,MIN,MIN24_P137,3,1,2,31,31
2024,MIN,MIN24_P138,4,1,3,29,29
2024,MIN,MIN24_P139,1,1,0,19,19
2024,MIN,MIN24_P140,4,1,3,17,17
2024,MIN,MIN24_P141,2,1,1,13,13
2024,MIN,MIN24_P142,1,1,0,9,9
2024,MIN,MIN24_P143,4,1,3,8,8
2024,MIN,MIN24_P144,2,1,1,6,6
2024,MIN,MIN24_P145,1,1,0,6,6
2024,MIN,MIN24_P146,1,1,0,6,6
2024,MIN,MIN24_P147,1,1,0,4,4
2024,MIN,MIN24_P148,2,1,1,4,4
2024,MIN,MIN24_P149,1,1,0,2,2
2024,MIN,MIN24_P150,3,1,2,2,2
2024,MIN,MIN24_P151,1,1,0,2,2
2024,MIN,MIN24_P152,9,1,8,2,2
2024,MIN,MIN24_P153,9,1,8,2,2
2024,MIN,MIN24_P154,2,1,1,1,1
2024,MIN,MIN24_P155,6,1,5,1,1
2024,MIN,MIN24_P156,4,1,3,1,1
2024,MIN,MIN24_P157,1,0,1,0,NA
2024,MIN,MIN24_P158,1,0,1,0,NA
2024,MIN,MIN24_P159,1,0,1,0,NA
2024,MIN,MIN24_P160,3,0,3,0,NA
2024,MIN,MIN24_P161,3,0,3,0,NA
2024,MIN,MIN24_P162,1,0,1,0,NA
2024,MIN,MIN24_P163,3,0,3,0,NA
2024,MIN,MIN24_P164,1,0,1,0,NA
2024,MIN,MIN24_P165,6,0,6,0,NA
2024,MIN,MIN24_P166,3,0,3,0,NA
2024,MIN,MIN24_P167,1,0,1,0,NA
2025,MIN,MIN25_P01,53,53,0,1544,29.132075471698112
2025,MIN,MIN25_P02,53,53,0,1482,27.962264150943398
2025,MIN,MIN25_P03,53,53,0,1016,19.169811320754718
2025,MIN,MIN25_P04,51,50,1,1308,26.16
2025,MIN,MIN25_P05,49,48,1,981,20.4375
2025,MIN,MIN25_P06,51,46,5,1477,32.108695652173914
2025,MIN,MIN25_P07,52,41,11,1319,32.170731707317074
2025,MIN,MIN25_P08,43,40,3,430,10.75
2025,MIN,MIN25_P09,32,28,4,284,10.142857142857142
2025,MIN,MIN25_P10,53,25,28,98,3.92
2025,MIN,MIN25_P11,32,18,14,268,14.88888888888889
2025,MIN,MIN25_P12,25,17,8,113,6.647058823529412
2025,MIN,MIN25_P13,23,16,7,288,18
2025,MIN,MIN25_P14,20,9,11,41,4.555555555555555
2025,MIN,MIN25_P15,8,8,0,212,26.5
2025,MIN,MIN25_P16,8,8,0,141,17.625
2025,MIN,MIN25_P17,8,7,1,150,21.428571428571427
2025,MIN,MIN25_P18,7,7,0,133,19
2025,MIN,MIN25_P19,20,7,13,25,3.5714285714285716
2025,MIN,MIN25_P20,8,6,2,219,36.5
2025,MIN,MIN25_P21,8,6,2,190,31.666666666666668
2025,MIN,MIN25_P22,6,6,0,187,31.166666666666668
2025,MIN,MIN25_P23,6,6,0,183,30.5
2025,MIN,MIN25_P24,6,6,0,171,28.5
2025,MIN,MIN25_P25,6,6,0,151,25.166666666666668
2025,MIN,MIN25_P26,6,6,0,148,24.666666666666668
2025,MIN,MIN25_P27,6,6,0,135,22.5
2025,MIN,MIN25_P28,6,6,0,125,20.833333333333332
2025,MIN,MIN25_P29,6,6,0,116,19.333333333333332
2025,MIN,MIN25_P30,6,6,0,103,17.166666666666668
2025,MIN,MIN25_P31,8,6,2,93,15.5
2025,MIN,MIN25_P32,6,6,0,91,15.166666666666666
2025,MIN,MIN25_P33,6,6,0,91,15.166666666666666
2025,MIN,MIN25_P34,6,6,0,77,12.833333333333334
2025,MIN,MIN25_P35,6,5,1,135,27
2025,MIN,MIN25_P36,5,5,0,125,25
2025,MIN,MIN25_P37,5,5,0,122,24.4
2025,MIN,MIN25_P38,5,5,0,110,22
2025,MIN,MIN25_P39,6,5,1,106,21.2
2025,MIN,MIN25_P40,5,5,0,81,16.2
2025,MIN,MIN25_P41,6,5,1,72,14.4
2025,MIN,MIN25_P42,6,5,1,40,8
2025,MIN,MIN25_P43,10,5,5,40,8
2025,MIN,MIN25_P44,8,4,4,138,34.5
2025,MIN,MIN25_P45,4,4,0,138,34.5
2025,MIN,MIN25_P46,4,4,0,137,34.25
2025,MIN,MIN25_P47,4,4,0,130,32.5
2025,MIN,MIN25_P48,4,4,0,128,32
2025,MIN,MIN25_P49,4,4,0,127,31.75
2025,MIN,MIN25_P50,4,4,0,127,31.75
2025,MIN,MIN25_P51,4,4,0,126,31.5
2025,MIN,MIN25_P52,4,4,0,126,31.5
2025,MIN,MIN25_P53,4,4,0,126,31.5
2025,MIN,MIN25_P54,4,4,0,123,30.75
2025,MIN,MIN25_P55,4,4,0,121,30.25
2025,MIN,MIN25_P56,4,4,0,121,30.25
2025,MIN,MIN25_P57,4,4,0,117,29.25
2025,MIN,MIN25_P58,4,4,0,112,28
2025,MIN,MIN25_P59,4,4,0,110,27.5
2025,MIN,MIN25_P60,4,4,0,110,27.5
2025,MIN,MIN25_P61,6,4,2,109,27.25
2025,MIN,MIN25_P62,4,4,0,108,27
2025,MIN,MIN25_P63,4,4,0,107,26.75
2025,MIN,MIN25_P64,4,4,0,106,26.5
2025,MIN,MIN25_P65,4,4,0,99,24.75
2025,MIN,MIN25_P66,4,4,0,99,24.75
2025,MIN,MIN25_P67,4,4,0,99,24.75
2025,MIN,MIN25_P68,4,4,0,96,24
2025,MIN,MIN25_P69,8,4,4,96,24
2025,MIN,MIN25_P70,4,4,0,90,22.5
2025,MIN,MIN25_P71,4,4,0,83,20.75
2025,MIN,MIN25_P72,4,4,0,80,20
2025,MIN,MIN25_P73,4,4,0,76,19
2025,MIN,MIN25_P74,8,4,4,64,16
2025,MIN,MIN25_P75,4,4,0,62,15.5
2025,MIN,MIN25_P76,4,4,0,59,14.75
2025,MIN,MIN25_P77,4,4,0,56,14
2025,MIN,MIN25_P78,4,4,0,47,11.75
2025,MIN,MIN25_P79,4,4,0,36,9
2025,MIN,MIN25_P80,6,4,2,29,7.25
2025,MIN,MIN25_P81,4,4,0,21,5.25
2025,MIN,MIN25_P82,4,4,0,18,4.5
2025,MIN,MIN25_P83,3,3,0,110,36.666666666666664
2025,MIN,MIN25_P84,4,3,1,103,34.333333333333336
2025,MIN,MIN25_P85,3,3,0,96,32
2025,MIN,MIN25_P86,3,3,0,94,31.333333333333332
2025,MIN,MIN25_P87,3,3,0,93,31
2025,MIN,MIN25_P88,3,3,0,85,28.333333333333332
2025,MIN,MIN25_P89,3,3,0,84,28
2025,MIN,MIN25_P90,4,3,1,81,27
2025,MIN,MIN25_P91,3,3,0,81,27
2025,MIN,MIN25_P92,3,3,0,77,25.666666666666668
2025,MIN,MIN25_P93,3,3,0,77,25.666666666666668
2025,MIN,MIN25_P94,3,3,0,76,25.333333333333332
2025,MIN,MIN25_P95,3,3,0,75,25
2025,MIN,MIN25_P96,3,3,0,74,24.666666666666668
2025,MIN,MIN25_P97,3,3,0,55,18.333333333333332
2025,MIN,MIN25_P98,3,3,0,51,17
2025,MIN,MIN25_P99,3,3,0,51,17
2025,MIN,MIN25_P100,3,3,0,50,16.666666666666668
2025,MIN,MIN25_P101,3,3,0,50,16.666666666666668
2025,MIN,MIN25_P102,3,3,0,48,16
2025,MIN,MIN25_P103,4,3,1,47,15.666666666666666
2025,MIN,MIN25_P104,3,3,0,44,14.666666666666666
2025,MIN,MIN25_P105,3,3,0,43,14.333333333333334
2025,MIN,MIN25_P106,3,3,0,43,14.333333333333334
2025,MIN,MIN25_P107,3,3,0,40,13.333333333333334
2025,MIN,MIN25_P108,3,3,0,40,13.333333333333334
2025,MIN,MIN25_P109,3,3,0,34,11.333333333333334
2025,MIN,MIN25_P110,3,3,0,31,10.333333333333334
2025,MIN,MIN25_P111,5,3,2,13,4.333333333333333
2025,MIN,MIN25_P112,3,3,0,12,4
2025,MIN,MIN25_P113,4,3,1,6,2
2025,MIN,MIN25_P114,3,2,1,81,40.5
2025,MIN,MIN25_P115,3,2,1,65,32.5
2025,MIN,MIN25_P116,2,2,0,64,32
2025,MIN,MIN25_P117,3,2,1,64,32
2025,MIN,MIN25_P118,3,2,1,61,30.5
2025,MIN,MIN25_P119,4,2,2,56,28
2025,MIN,MIN25_P120,8,2,6,55,27.5
2025,MIN,MIN25_P121,3,2,1,51,25.5
2025,MIN,MIN25_P122,4,2,2,49,24.5
2025,MIN,MIN25_P123,3,2,1,49,24.5
2025,MIN,MIN25_P124,4,2,2,48,24
2025,MIN,MIN25_P125,3,2,1,45,22.5
2025,MIN,MIN25_P126,6,2,4,43,21.5
2025,MIN,MIN25_P127,3,2,1,39,19.5
2025,MIN,MIN25_P128,2,2,0,38,19
2025,MIN,MIN25_P129,4,2,2,35,17.5
2025,MIN,MIN25_P130,2,2,0,32,16
2025,MIN,MIN25_P131,4,2,2,31,15.5
2025,MIN,MIN25_P132,3,2,1,28,14
2025,MIN,MIN25_P133,2,2,0,26,13
2025,MIN,MIN25_P134,2,2,0,25,12.5
2025,MIN,MIN25_P135,4,2,2,22,11
2025,MIN,MIN25_P136,3,2,1,15,7.5
2025,MIN,MIN25_P137,2,2,0,13,6.5
2025,MIN,MIN25_P138,4,2,2,11,5.5
2025,MIN,MIN25_P139,4,2,2,10,5
2025,MIN,MIN25_P140,3,2,1,10,5
2025,MIN,MIN25_P141,5,2,3,9,4.5
2025,MIN,MIN25_P142,3,2,1,9,4.5
2025,MIN,MIN25_P143,4,1,3,34,34
2025,MIN,MIN25_P144,1,1,0,27,27
2025,MIN,MIN25_P145,4,1,3,26,26
2025,MIN,MIN25_P146,4,1,3,25,25
2025,MIN,MIN25_P147,1,1,0,25,25
2025,MIN,MIN25_P148,1,1,0,23,23
2025,MIN,MIN25_P149,4,1,3,21,21
2025,MIN,MIN25_P150,6,1,5,20,20
2025,MIN,MIN25_P151,1,1,0,18,18
2025,MIN,MIN25_P152,1,1,0,17,17
2025,MIN,MIN25_P153,1,1,0,16,16
2025,MIN,MIN25_P154,2,1,1,15,15
2025,MIN,MIN25_P155,1,1,0,15,15
2025,MIN,MIN25_P156,1,1,0,13,13
2025,MIN,MIN25_P157,4,1,3,12,12
2025,MIN,MIN25_P158,3,1,2,9,9
2025,MIN,MIN25_P159,2,1,1,9,9
2025,MIN,MIN25_P160,5,1,4,7,7
2025,MIN,MIN25_P161,2,1,1,7,7
2025,MIN,MIN25_P162,1,1,0,7,7
2025,MIN,MIN25_P163,1,1,0,6,6
2025,MIN,MIN25_P164,1,1,0,5,5
2025,MIN,MIN25_P165,2,1,1,5,5
2025,MIN,MIN25_P166,3,1,2,5,5
2025,MIN,MIN25_P167,2,1,1,4,4
2025,MIN,MIN25_P168,2,1,1,3,3
2025,MIN,MIN25_P169,3,1,2,3,3
2025,MIN,MIN25_P170,1,0,1,0,NA
2025,MIN,MIN25_P171,4,0,4,0,NA
2025,MIN,MIN25_P172,4,0,4,0,NA
2025,MIN,MIN25_P173,3,0,3,0,NA
2025,MIN,MIN25_P174,4,0,4,0,NA
2025,MIN,MIN25_P175,1,0,1,0,NA
2025,MIN,MIN25_P176,4,0,4,0,NA
2025,MIN,MIN25_P177,3,0,3,0,NA
2025,MIN,MIN25_P178,1,0,1,0,NA
2025,MIN,MIN25_P179,2,0,2,0,NA
2025,MIN,MIN25_P180,1,0,1,0,NA
2025,MIN,MIN25_P181,1,0,1,0,NA
2025,MIN,MIN25_P182,3,0,3,0,NA
2025,MIN,MIN25_P183,1,0,1,0,NA
2025,MIN,MIN25_P184,1,0,1,0,NA
2025,MIN,MIN25_P185,1,0,1,0,NA
2025,MIN,MIN25_P186,2,0,2,0,NA
2024,NY,NY24_P01,54,54,0,1002,18.555555555555557
2024,NY,NY24_P02,53,53,0,1601,30.20754716981132
2024,NY,NY24_P03,54,52,2,1727,33.21153846153846
2024,NY,NY24_P04,54,52,2,1690,32.5
2024,NY,NY24_P05,53,52,1,1186,22.807692307692307
2024,NY,NY24_P06,51,45,6,901,20.022222222222222
2024,NY,NY24_P07,53,45,8,514,11.422222222222222
2024,NY,NY24_P08,50,42,8,1226,29.19047619047619
2024,NY,NY24_P09,49,35,14,442,12.628571428571428
2024,NY,NY24_P10,53,29,24,276,9.517241379310345
2024,NY,NY24_P11,54,22,32,112,5.090909090909091
2024,NY,NY24_P12,33,13,20,68,5.230769230769231
2024,NY,NY24_P13,9,9,0,342,38
2024,NY,NY24_P14,9,9,0,329,36.55555555555556
2024,NY,NY24_P15,9,9,0,297,33
2024,NY,NY24_P16,9,9,0,269,29.88888888888889
2024,NY,NY24_P17,9,9,0,248,27.555555555555557
2024,NY,NY24_P18,9,9,0,119,13.222222222222221
2024,NY,NY24_P19,9,9,0,97,10.777777777777779
2024,NY,NY24_P20,7,7,0,235,33.57142857142857
2024,NY,NY24_P21,7,7,0,217,31
2024,NY,NY24_P22,7,7,0,201,28.714285714285715
2024,NY,NY24_P23,7,7,0,134,19.142857142857142
2024,NY,NY24_P24,9,7,2,124,17.714285714285715
2024,NY,NY24_P25,9,7,2,69,9.857142857142858
2024,NY,NY24_P26,7,6,1,217,36.166666666666664
2024,NY,NY24_P27,6,6,0,194,32.333333333333336
2024,NY,NY24_P28,7,6,1,191,31.833333333333332
2024,NY,NY24_P29,6,6,0,183,30.5
2024,NY,NY24_P30,6,6,0,153,25.5
2024,NY,NY24_P31,6,6,0,110,18.333333333333332
2024,NY,NY24_P32,6,6,0,107,17.833333333333332
2024,NY,NY24_P33,6,6,0,86,14.333333333333334
2024,NY,NY24_P34,7,6,1,40,6.666666666666667
2024,NY,NY24_P35,5,5,0,165,33
2024,NY,NY24_P36,5,5,0,148,29.6
2024,NY,NY24_P37,5,5,0,140,28
2024,NY,NY24_P38,5,5,0,140,28
2024,NY,NY24_P39,5,5,0,138,27.6
2024,NY,NY24_P40,5,5,0,132,26.4
2024,NY,NY24_P41,5,5,0,128,25.6
2024,NY,NY24_P42,5,5,0,121,24.2
2024,NY,NY24_P43,5,5,0,111,22.2
2024,NY,NY24_P44,5,5,0,99,19.8
2024,NY,NY24_P45,5,5,0,90,18
2024,NY,NY24_P46,6,5,1,52,10.4
2024,NY,NY24_P47,7,5,2,41,8.2
2024,NY,NY24_P48,4,4,0,148,37
2024,NY,NY24_P49,4,4,0,131,32.75
2024,NY,NY24_P50,4,4,0,129,32.25
2024,NY,NY24_P51,4,4,0,128,32
2024,NY,NY24_P52,5,4,1,126,31.5
2024,NY,NY24_P53,4,4,0,122,30.5
2024,NY,NY24_P54,4,4,0,121,30.25
2024,NY,NY24_P55,4,4,0,118,29.5
2024,NY,NY24_P56,4,4,0,116,29
2024,NY,NY24_P57,4,4,0,107,26.75
2024,NY,NY24_P58,4,4,0,104,26
2024,NY,NY24_P59,4,4,0,103,25.75
2024,NY,NY24_P60,4,4,0,101,25.25
2024,NY,NY24_P61,4,4,0,96,24
2024,NY,NY24_P62,4,4,0,89,22.25
2024,NY,NY24_P63,4,4,0,85,21.25
2024,NY,NY24_P64,4,4,0,82,20.5
2024,NY,NY24_P65,4,4,0,77,19.25
2024,NY,NY24_P66,4,4,0,76,19
2024,NY,NY24_P67,4,4,0,74,18.5
2024,NY,NY24_P68,5,4,1,74,18.5
2024,NY,NY24_P69,4,4,0,72,18
2024,NY,NY24_P70,5,4,1,70,17.5
2024,NY,NY24_P71,4,4,0,66,16.5
2024,NY,NY24_P72,5,4,1,65,16.25
2024,NY,NY24_P73,4,4,0,62,15.5
2024,NY,NY24_P74,4,4,0,62,15.5
2024,NY,NY24_P75,4,4,0,62,15.5
2024,NY,NY24_P76,4,4,0,55,13.75
2024,NY,NY24_P77,4,4,0,49,12.25
2024,NY,NY24_P78,4,4,0,48,12
2024,NY,NY24_P79,5,4,1,47,11.75
2024,NY,NY24_P80,4,4,0,46,11.5
2024,NY,NY24_P81,5,4,1,44,11
2024,NY,NY24_P82,4,4,0,41,10.25
2024,NY,NY24_P83,4,4,0,41,10.25
2024,NY,NY24_P84,4,4,0,38,9.5
2024,NY,NY24_P85,6,4,2,34,8.5
2024,NY,NY24_P86,7,4,3,23,5.75
2024,NY,NY24_P87,7,4,3,18,4.5
2024,NY,NY24_P88,3,3,0,103,34.333333333333336
2024,NY,NY24_P89,3,3,0,103,34.333333333333336
2024,NY,NY24_P90,3,3,0,97,32.333333333333336
2024,NY,NY24_P91,3,3,0,96,32
2024,NY,NY24_P92,3,3,0,96,32
2024,NY,NY24_P93,3,3,0,93,31
2024,NY,NY24_P94,3,3,0,87,29
2024,NY,NY24_P95,3,3,0,83,27.666666666666668
2024,NY,NY24_P96,5,3,2,70,23.333333333333332
2024,NY,NY24_P97,4,3,1,66,22
2024,NY,NY24_P98,6,3,3,61,20.333333333333332
2024,NY,NY24_P99,3,3,0,59,19.666666666666668
2024,NY,NY24_P100,4,3,1,50,16.666666666666668
2024,NY,NY24_P101,4,3,1,47,15.666666666666666
2024,NY,NY24_P102,3,3,0,44,14.666666666666666
2024,NY,NY24_P103,3,3,0,42,14
2024,NY,NY24_P104,3,3,0,38,12.666666666666666
2024,NY,NY24_P105,3,3,0,37,12.333333333333334
2024,NY,NY24_P106,3,3,0,35,11.666666666666666
2024,NY,NY24_P107,3,3,0,33,11
2024,NY,NY24_P108,4,3,1,32,10.666666666666666
2024,NY,NY24_P109,5,3,2,27,9
2024,NY,NY24_P110,4,3,1,11,3.6666666666666665
2024,NY,NY24_P111,8,3,5,4,1.3333333333333333
2024,NY,NY24_P112,3,2,1,69,34.5
2024,NY,NY24_P113,3,2,1,64,32
2024,NY,NY24_P114,2,2,0,57,28.5
2024,NY,NY24_P115,2,2,0,54,27
2024,NY,NY24_P116,3,2,1,50,25
2024,NY,NY24_P117,3,2,1,43,21.5
2024,NY,NY24_P118,4,2,2,42,21
2024,NY,NY24_P119,3,2,1,41,20.5
2024,NY,NY24_P120,3,2,1,39,19.5
2024,NY,NY24_P121,5,2,3,36,18
2024,NY,NY24_P122,4,2,2,30,15
2024,NY,NY24_P123,3,2,1,28,14
2024,NY,NY24_P124,2,2,0,25,12.5
2024,NY,NY24_P125,2,2,0,23,11.5
2024,NY,NY24_P126,2,2,0,21,10.5
2024,NY,NY24_P127,4,2,2,20,10
2024,NY,NY24_P128,2,2,0,17,8.5
2024,NY,NY24_P129,2,2,0,14,7
2024,NY,NY24_P130,2,2,0,14,7
2024,NY,NY24_P131,4,2,2,12,6
2024,NY,NY24_P132,3,2,1,7,3.5
2024,NY,NY24_P133,4,2,2,6,3
2024,NY,NY24_P134,9,2,7,3,1.5
2024,NY,NY24_P135,9,2,7,2,1
2024,NY,NY24_P136,1,1,0,34,34
2024,NY,NY24_P137,3,1,2,33,33
2024,NY,NY24_P138,1,1,0,16,16
2024,NY,NY24_P139,5,1,4,14,14
2024,NY,NY24_P140,2,1,1,14,14
2024,NY,NY24_P141,2,1,1,14,14
2024,NY,NY24_P142,1,1,0,13,13
2024,NY,NY24_P143,3,1,2,12,12
2024,NY,NY24_P144,1,1,0,10,10
2024,NY,NY24_P145,1,1,0,9,9
2024,NY,NY24_P146,1,1,0,9,9
2024,NY,NY24_P147,2,1,1,7,7
2024,NY,NY24_P148,2,1,1,7,7
2024,NY,NY24_P149,3,1,2,4,4
2024,NY,NY24_P150,1,1,0,4,4
2024,NY,NY24_P151,6,1,5,3,3
2024,NY,NY24_P152,1,1,0,3,3
2024,NY,NY24_P153,1,1,0,2,2
2024,NY,NY24_P154,2,1,1,2,2
2024,NY,NY24_P155,1,1,0,1,1
2024,NY,NY24_P156,4,0,4,0,NA
2024,NY,NY24_P157,1,0,1,0,NA
2024,NY,NY24_P158,2,0,2,0,NA
2024,NY,NY24_P159,2,0,2,0,NA
2024,NY,NY24_P160,2,0,2,0,NA
2025,NY,NY25_P01,49,47,2,852,18.127659574468087
2025,NY,NY25_P02,49,46,3,1331,28.934782608695652
2025,NY,NY25_P03,49,46,3,551,11.978260869565217
2025,NY,NY25_P04,47,43,4,1338,31.11627906976744
2025,NY,NY25_P05,47,41,6,869,21.195121951219512
2025,NY,NY25_P06,43,40,3,1133,28.325
2025,NY,NY25_P07,48,37,11,392,10.594594594594595
2025,NY,NY25_P08,47,36,11,955,26.52777777777778
2025,NY,NY25_P09,46,35,11,1058,30.228571428571428
2025,NY,NY25_P10,29,26,3,351,13.5
2025,NY,NY25_P11,21,20,1,480,24
2025,NY,NY25_P12,45,20,25,351,17.55
2025,NY,NY25_P13,31,19,12,139,7.315789473684211
2025,NY,NY25_P14,21,10,11,61,6.1
2025,NY,NY25_P15,7,7,0,228,32.57142857142857
2025,NY,NY25_P16,7,7,0,201,28.714285714285715
2025,NY,NY25_P17,7,7,0,173,24.714285714285715
2025,NY,NY25_P18,7,7,0,160,22.857142857142858
2025,NY,NY25_P19,7,7,0,141,20.142857142857142
2025,NY,NY25_P20,7,6,1,181,30.166666666666668
2025,NY,NY25_P21,7,6,1,144,24
2025,NY,NY25_P22,7,6,1,76,12.666666666666666
2025,NY,NY25_P23,5,5,0,147,29.4
2025,NY,NY25_P24,5,5,0,143,28.6
2025,NY,NY25_P25,5,5,0,95,19
2025,NY,NY25_P26,5,5,0,61,12.2
2025,NY,NY25_P27,4,4,0,142,35.5
2025,NY,NY25_P28,4,4,0,136,34
2025,NY,NY25_P29,4,4,0,135,33.75
2025,NY,NY25_P30,4,4,0,133,33.25
2025,NY,NY25_P31,4,4,0,130,32.5
2025,NY,NY25_P32,4,4,0,128,32
2025,NY,NY25_P33,4,4,0,125,31.25
2025,NY,NY25_P34,4,4,0,125,31.25
2025,NY,NY25_P35,4,4,0,115,28.75
2025,NY,NY25_P36,4,4,0,112,28
2025,NY,NY25_P37,4,4,0,106,26.5
2025,NY,NY25_P38,4,4,0,104,26
2025,NY,NY25_P39,4,4,0,100,25
2025,NY,NY25_P40,4,4,0,95,23.75
2025,NY,NY25_P41,4,4,0,93,23.25
2025,NY,NY25_P42,4,4,0,93,23.25
2025,NY,NY25_P43,4,4,0,92,23
2025,NY,NY25_P44,4,4,0,91,22.75
2025,NY,NY25_P45,4,4,0,91,22.75
2025,NY,NY25_P46,5,4,1,90,22.5
2025,NY,NY25_P47,4,4,0,89,22.25
2025,NY,NY25_P48,6,4,2,89,22.25
2025,NY,NY25_P49,4,4,0,86,21.5
2025,NY,NY25_P50,5,4,1,86,21.5
2025,NY,NY25_P51,4,4,0,84,21
2025,NY,NY25_P52,4,4,0,83,20.75
2025,NY,NY25_P53,4,4,0,82,20.5
2025,NY,NY25_P54,4,4,0,79,19.75
2025,NY,NY25_P55,7,4,3,78,19.5
2025,NY,NY25_P56,4,4,0,76,19
2025,NY,NY25_P57,4,4,0,74,18.5
2025,NY,NY25_P58,4,4,0,73,18.25
2025,NY,NY25_P59,4,4,0,67,16.75
2025,NY,NY25_P60,4,4,0,66,16.5
2025,NY,NY25_P61,4,4,0,60,15
2025,NY,NY25_P62,4,4,0,55,13.75
2025,NY,NY25_P63,4,4,0,47,11.75
2025,NY,NY25_P64,4,4,0,43,10.75
2025,NY,NY25_P65,4,4,0,42,10.5
2025,NY,NY25_P66,4,4,0,35,8.75
2025,NY,NY25_P67,7,4,3,26,6.5
2025,NY,NY25_P68,4,4,0,13,3.25
2025,NY,NY25_P69,3,3,0,108,36
2025,NY,NY25_P70,3,3,0,106,35.333333333333336
2025,NY,NY25_P71,3,3,0,104,34.666666666666664
2025,NY,NY25_P72,3,3,0,104,34.666666666666664
2025,NY,NY25_P73,3,3,0,102,34
2025,NY,NY25_P74,3,3,0,102,34
2025,NY,NY25_P75,3,3,0,100,33.333333333333336
2025,NY,NY25_P76,3,3,0,100,33.333333333333336
2025,NY,NY25_P77,4,3,1,100,33.333333333333336
2025,NY,NY25_P78,3,3,0,99,33
2025,NY,NY25_P79,3,3,0,99,33
2025,NY,NY25_P80,3,3,0,93,31
2025,NY,NY25_P81,3,3,0,93,31
2025,NY,NY25_P82,3,3,0,90,30
2025,NY,NY25_P83,3,3,0,89,29.666666666666668
2025,NY,NY25_P84,3,3,0,89,29.666666666666668
2025,NY,NY25_P85,3,3,0,87,29
2025,NY,NY25_P86,4,3,1,87,29
2025,NY,NY25_P87,3,3,0,86,28.666666666666668
2025,NY,NY25_P88,3,3,0,85,28.333333333333332
2025,NY,NY25_P89,3,3,0,84,28
2025,NY,NY25_P90,3,3,0,82,27.333333333333332
2025,NY,NY25_P91,4,3,1,81,27
2025,NY,NY25_P92,3,3,0,78,26
2025,NY,NY25_P93,3,3,0,74,24.666666666666668
2025,NY,NY25_P94,4,3,1,70,23.333333333333332
2025,NY,NY25_P95,3,3,0,64,21.333333333333332
2025,NY,NY25_P96,4,3,1,62,20.666666666666668
2025,NY,NY25_P97,4,3,1,60,20
2025,NY,NY25_P98,4,3,1,58,19.333333333333332
2025,NY,NY25_P99,4,3,1,57,19
2025,NY,NY25_P100,4,3,1,54,18
2025,NY,NY25_P101,3,3,0,53,17.666666666666668
2025,NY,NY25_P102,3,3,0,48,16
2025,NY,NY25_P103,3,3,0,47,15.666666666666666
2025,NY,NY25_P104,3,3,0,45,15
2025,NY,NY25_P105,3,3,0,42,14
2025,NY,NY25_P106,4,3,1,38,12.666666666666666
2025,NY,NY25_P107,3,3,0,36,12
2025,NY,NY25_P108,3,3,0,33,11
2025,NY,NY25_P109,3,3,0,33,11
2025,NY,NY25_P110,3,3,0,33,11
2025,NY,NY25_P111,3,3,0,30,10
2025,NY,NY25_P112,3,3,0,27,9
2025,NY,NY25_P113,3,3,0,22,7.333333333333333
2025,NY,NY25_P114,7,3,4,18,6
2025,NY,NY25_P115,6,3,3,8,2.6666666666666665
2025,NY,NY25_P116,4,2,2,69,34.5
2025,NY,NY25_P117,2,2,0,61,30.5
2025,NY,NY25_P118,2,2,0,60,30
2025,NY,NY25_P119,2,2,0,52,26
2025,NY,NY25_P120,2,2,0,40,20
2025,NY,NY25_P121,5,2,3,39,19.5
2025,NY,NY25_P122,2,2,0,36,18
2025,NY,NY25_P123,3,2,1,34,17
2025,NY,NY25_P124,5,2,3,31,15.5
2025,NY,NY25_P125,4,2,2,31,15.5
2025,NY,NY25_P126,2,2,0,26,13
2025,NY,NY25_P127,2,2,0,25,12.5
2025,NY,NY25_P128,3,2,1,17,8.5
2025,NY,NY25_P129,2,2,0,13,6.5
2025,NY,NY25_P130,5,2,3,13,6.5
2025,NY,NY25_P131,2,2,0,13,6.5
2025,NY,NY25_P132,2,2,0,11,5.5
2025,NY,NY25_P133,3,2,1,9,4.5
2025,NY,NY25_P134,3,2,1,8,4
2025,NY,NY25_P135,3,2,1,8,4
2025,NY,NY25_P136,2,2,0,5,2.5
2025,NY,NY25_P137,4,1,3,35,35
2025,NY,NY25_P138,3,1,2,34,34
2025,NY,NY25_P139,1,1,0,33,33
2025,NY,NY25_P140,1,1,0,31,31
2025,NY,NY25_P141,1,1,0,31,31
2025,NY,NY25_P142,1,1,0,29,29
2025,NY,NY25_P143,2,1,1,27,27
2025,NY,NY25_P144,1,1,0,27,27
2025,NY,NY25_P145,3,1,2,25,25
2025,NY,NY25_P146,1,1,0,24,24
2025,NY,NY25_P147,2,1,1,22,22
2025,NY,NY25_P148,1,1,0,22,22
2025,NY,NY25_P149,1,1,0,20,20
2025,NY,NY25_P150,1,1,0,18,18
2025,NY,NY25_P151,2,1,1,15,15
2025,NY,NY25_P152,2,1,1,13,13
2025,NY,NY25_P153,1,1,0,12,12
2025,NY,NY25_P154,1,1,0,12,12
2025,NY,NY25_P155,4,1,3,11,11
2025,NY,NY25_P156,1,1,0,10,10
2025,NY,NY25_P157,1,1,0,10,10
2025,NY,NY25_P158,2,1,1,9,9
2025,NY,NY25_P159,2,1,1,9,9
2025,NY,NY25_P160,1,1,0,7,7
2025,NY,NY25_P161,3,1,2,6,6
2025,NY,NY25_P162,3,1,2,6,6
2025,NY,NY25_P163,3,1,2,5,5
2025,NY,NY25_P164,1,1,0,4,4
2025,NY,NY25_P165,3,1,2,2,2
2025,NY,NY25_P166,1,1,0,1,1
2025,NY,NY25_P167,3,1,2,1,1
2025,NY,NY25_P168,1,0,1,0,NA
2025,NY,NY25_P169,1,0,1,0,NA
2025,NY,NY25_P170,2,0,2,0,NA
2025,NY,NY25_P171,1,0,1,0,NA
2025,NY,NY25_P172,1,0,1,0,NA
2025,NY,NY25_P173,1,0,1,0,NA
2025,NY,NY25_P174,4,0,4,0,NA
2025,NY,NY25_P175,1,0,1,0,NA
2025,NY,NY25_P176,3,0,3,0,NA
2025,NY,NY25_P177,3,0,3,0,NA
2025,NY,NY25_P178,1,0,1,0,NA
2025,NY,NY25_P179,1,0,1,0,NA
2025,NY,NY25_P180,1,0,1,0,NA
2025,NY,NY25_P181,3,0,3,0,NA
2025,NY,NY25_P182,4,0,4,0,NA
2025,NY,NY25_P183,1,0,1,0,NA
2025,NY,NY25_P184,3,0,3,0,NA
2025,NY,NY25_P185,1,0,1,0,NA
2025,NY,NY25_P186,4,0,4,0,NA
2025,NY,NY25_P187,1,0,1,0,NA
2025,NY,NY25_P188,1,0,1,0,NA
2025,NY,NY25_P189,1,0,1,0,NA
2025,NY,NY25_P190,1,0,1,0,NA
2024,PHX,PHX24_P01,44,44,0,678,15.409090909090908
2024,PHX,PHX24_P02,43,43,0,1188,27.627906976744185
2024,PHX,PHX24_P03,44,42,2,1382,32.904761904761905
2024,PHX,PHX24_P04,43,41,2,1297,31.634146341463413
2024,PHX,PHX24_P05,43,40,3,1138,28.45
2024,PHX,PHX24_P06,44,35,9,366,10.457142857142857
2024,PHX,PHX24_P07,41,33,8,933,28.272727272727273
2024,PHX,PHX24_P08,31,25,6,370,14.8
2024,PHX,PHX24_P09,20,20,0,375,18.75
2024,PHX,PHX24_P10,40,19,21,465,24.473684210526315
2024,PHX,PHX24_P11,17,17,0,332,19.529411764705884
2024,PHX,PHX24_P12,21,17,4,160,9.411764705882353
2024,PHX,PHX24_P13,10,9,1,89,9.88888888888889
2024,PHX,PHX24_P14,13,8,5,78,9.75
2024,PHX,PHX24_P15,6,6,0,214,35.666666666666664
2024,PHX,PHX24_P16,6,6,0,197,32.833333333333336
2024,PHX,PHX24_P17,6,6,0,190,31.666666666666668
2024,PHX,PHX24_P18,6,6,0,142,23.666666666666668
2024,PHX,PHX24_P19,6,6,0,139,23.166666666666668
2024,PHX,PHX24_P20,6,6,0,98,16.333333333333332
2024,PHX,PHX24_P21,6,6,0,59,9.833333333333334
2024,PHX,PHX24_P22,5,5,0,150,30
2024,PHX,PHX24_P23,5,5,0,133,26.6
2024,PHX,PHX24_P24,5,5,0,132,26.4
2024,PHX,PHX24_P25,6,5,1,125,25
2024,PHX,PHX24_P26,5,5,0,122,24.4
2024,PHX,PHX24_P27,5,5,0,99,19.8
2024,PHX,PHX24_P28,5,5,0,98,19.6
2024,PHX,PHX24_P29,5,5,0,97,19.4
2024,PHX,PHX24_P30,5,5,0,91,18.2
2024,PHX,PHX24_P31,5,5,0,85,17
2024,PHX,PHX24_P32,5,5,0,70,14
2024,PHX,PHX24_P33,5,5,0,68,13.6
2024,PHX,PHX24_P34,5,5,0,66,13.2
2024,PHX,PHX24_P35,5,5,0,54,10.8
2024,PHX,PHX24_P36,6,5,1,48,9.6
2024,PHX,PHX24_P37,6,5,1,24,4.8
2024,PHX,PHX24_P38,4,4,0,166,41.5
2024,PHX,PHX24_P39,4,4,0,143,35.75
2024,PHX,PHX24_P40,4,4,0,141,35.25
2024,PHX,PHX24_P41,4,4,0,139,34.75
2024,PHX,PHX24_P42,4,4,0,135,33.75
2024,PHX,PHX24_P43,4,4,0,133,33.25
2024,PHX,PHX24_P44,4,4,0,132,33
2024,PHX,PHX24_P45,4,4,0,132,33
2024,PHX,PHX24_P46,4,4,0,119,29.75
2024,PHX,PHX24_P47,4,4,0,116,29
2024,PHX,PHX24_P48,4,4,0,115,28.75
2024,PHX,PHX24_P49,5,4,1,112,28
2024,PHX,PHX24_P50,4,4,0,107,26.75
2024,PHX,PHX24_P51,5,4,1,105,26.25
2024,PHX,PHX24_P52,5,4,1,103,25.75
2024,PHX,PHX24_P53,4,4,0,103,25.75
2024,PHX,PHX24_P54,4,4,0,102,25.5
2024,PHX,PHX24_P55,4,4,0,98,24.5
2024,PHX,PHX24_P56,4,4,0,98,24.5
2024,PHX,PHX24_P57,5,4,1,88,22
2024,PHX,PHX24_P58,4,4,0,85,21.25
2024,PHX,PHX24_P59,4,4,0,84,21
2024,PHX,PHX24_P60,4,4,0,69,17.25
2024,PHX,PHX24_P61,4,4,0,61,15.25
2024,PHX,PHX24_P62,4,4,0,57,14.25
2024,PHX,PHX24_P63,4,4,0,50,12.5
2024,PHX,PHX24_P64,6,4,2,44,11
2024,PHX,PHX24_P65,4,4,0,44,11
2024,PHX,PHX24_P66,4,4,0,41,10.25
2024,PHX,PHX24_P67,4,4,0,41,10.25
2024,PHX,PHX24_P68,5,4,1,41,10.25
2024,PHX,PHX24_P69,27,4,23,29,7.25
2024,PHX,PHX24_P70,5,4,1,19,4.75
2024,PHX,PHX24_P71,3,3,0,113,37.666666666666664
2024,PHX,PHX24_P72,3,3,0,107,35.666666666666664
2024,PHX,PHX24_P73,3,3,0,101,33.666666666666664
2024,PHX,PHX24_P74,3,3,0,100,33.333333333333336
2024,PHX,PHX24_P75,3,3,0,98,32.666666666666664
2024,PHX,PHX24_P76,3,3,0,97,32.333333333333336
2024,PHX,PHX24_P77,3,3,0,95,31.666666666666668
2024,PHX,PHX24_P78,3,3,0,91,30.333333333333332
2024,PHX,PHX24_P79,4,3,1,90,30
2024,PHX,PHX24_P80,3,3,0,87,29
2024,PHX,PHX24_P81,3,3,0,84,28
2024,PHX,PHX24_P82,3,3,0,84,28
2024,PHX,PHX24_P83,3,3,0,80,26.666666666666668
2024,PHX,PHX24_P84,3,3,0,76,25.333333333333332
2024,PHX,PHX24_P85,3,3,0,74,24.666666666666668
2024,PHX,PHX24_P86,3,3,0,72,24
2024,PHX,PHX24_P87,3,3,0,67,22.333333333333332
2024,PHX,PHX24_P88,3,3,0,64,21.333333333333332
2024,PHX,PHX24_P89,3,3,0,58,19.333333333333332
2024,PHX,PHX24_P90,3,3,0,56,18.666666666666668
2024,PHX,PHX24_P91,3,3,0,55,18.333333333333332
2024,PHX,PHX24_P92,3,3,0,53,17.666666666666668
2024,PHX,PHX24_P93,3,3,0,50,16.666666666666668
2024,PHX,PHX24_P94,3,3,0,47,15.666666666666666
2024,PHX,PHX24_P95,3,3,0,46,15.333333333333334
2024,PHX,PHX24_P96,3,3,0,44,14.666666666666666
2024,PHX,PHX24_P97,3,3,0,43,14.333333333333334
2024,PHX,PHX24_P98,4,3,1,43,14.333333333333334
2024,PHX,PHX24_P99,3,3,0,40,13.333333333333334
2024,PHX,PHX24_P100,4,3,1,35,11.666666666666666
2024,PHX,PHX24_P101,4,3,1,24,8
2024,PHX,PHX24_P102,4,3,1,20,6.666666666666667
2024,PHX,PHX24_P103,4,3,1,17,5.666666666666667
2024,PHX,PHX24_P104,4,3,1,13,4.333333333333333
2024,PHX,PHX24_P105,4,3,1,13,4.333333333333333
2024,PHX,PHX24_P106,3,2,1,85,42.5
2024,PHX,PHX24_P107,3,2,1,68,34
2024,PHX,PHX24_P108,3,2,1,66,33
2024,PHX,PHX24_P109,3,2,1,62,31
2024,PHX,PHX24_P110,3,2,1,51,25.5
2024,PHX,PHX24_P111,2,2,0,47,23.5
2024,PHX,PHX24_P112,2,2,0,47,23.5
2024,PHX,PHX24_P113,3,2,1,45,22.5
2024,PHX,PHX24_P114,4,2,2,39,19.5
2024,PHX,PHX24_P115,3,2,1,34,17
2024,PHX,PHX24_P116,3,2,1,32,16
2024,PHX,PHX24_P117,2,2,0,26,13
2024,PHX,PHX24_P118,2,2,0,26,13
2024,PHX,PHX24_P119,4,2,2,25,12.5
2024,PHX,PHX24_P120,3,2,1,22,11
2024,PHX,PHX24_P121,3,2,1,22,11
2024,PHX,PHX24_P122,2,2,0,21,10.5
2024,PHX,PHX24_P123,3,2,1,19,9.5
2024,PHX,PHX24_P124,3,2,1,15,7.5
2024,PHX,PHX24_P125,2,2,0,14,7
2024,PHX,PHX24_P126,3,2,1,14,7
2024,PHX,PHX24_P127,6,2,4,14,7
2024,PHX,PHX24_P128,3,2,1,11,5.5
2024,PHX,PHX24_P129,3,2,1,10,5
2024,PHX,PHX24_P130,3,2,1,8,4
2024,PHX,PHX24_P131,4,2,2,6,3
2024,PHX,PHX24_P132,2,2,0,5,2.5
2024,PHX,PHX24_P133,4,2,2,5,2.5
2024,PHX,PHX24_P134,1,1,0,31,31
2024,PHX,PHX24_P135,2,1,1,23,23
2024,PHX,PHX24_P136,3,1,2,23,23
2024,PHX,PHX24_P137,3,1,2,20,20
2024,PHX,PHX24_P138,3,1,2,18,18
2024,PHX,PHX24_P139,1,1,0,17,17
2024,PHX,PHX24_P140,3,1,2,13,13
2024,PHX,PHX24_P141,2,1,1,12,12
2024,PHX,PHX24_P142,2,1,1,11,11
2024,PHX,PHX24_P143,2,1,1,10,10
2024,PHX,PHX24_P144,2,1,1,8,8
2024,PHX,PHX24_P145,3,1,2,7,7
2024,PHX,PHX24_P146,1,1,0,6,6
2024,PHX,PHX24_P147,1,1,0,6,6
2024,PHX,PHX24_P148,1,1,0,6,6
2024,PHX,PHX24_P149,1,1,0,6,6
2024,PHX,PHX24_P150,1,1,0,5,5
2024,PHX,PHX24_P151,1,1,0,4,4
2024,PHX,PHX24_P152,1,1,0,3,3
2024,PHX,PHX24_P153,3,0,3,0,NA
2024,PHX,PHX24_P154,3,0,3,0,NA
2024,PHX,PHX24_P155,2,0,2,0,NA
2024,PHX,PHX24_P156,2,0,2,0,NA
2024,PHX,PHX24_P157,3,0,3,0,NA
2024,PHX,PHX24_P158,3,0,3,0,NA
2024,PHX,PHX24_P159,1,0,1,0,NA
2024,PHX,PHX24_P160,1,0,1,0,NA
2024,PHX,PHX24_P161,3,0,3,0,NA
2024,PHX,PHX24_P162,2,0,2,0,NA
2025,PHX,PHX25_P01,57,56,1,1310,23.392857142857142
2025,PHX,PHX25_P02,57,56,1,957,17.089285714285715
2025,PHX,PHX25_P03,57,53,4,1167,22.0188679245283
2025,PHX,PHX25_P04,57,52,5,1662,31.96153846153846
2025,PHX,PHX25_P05,56,51,5,1403,27.50980392156863
2025,PHX,PHX25_P06,57,47,10,809,17.21276595744681
2025,PHX,PHX25_P07,56,40,16,1144,28.6
2025,PHX,PHX25_P08,35,35,0,874,24.97142857142857
2025,PHX,PHX25_P09,56,35,21,634,18.114285714285714
2025,PHX,PHX25_P10,56,35,21,491,14.028571428571428
2025,PHX,PHX25_P11,57,34,23,423,12.441176470588236
2025,PHX,PHX25_P12,19,12,7,121,10.083333333333334
2025,PHX,PHX25_P13,33,12,21,114,9.5
2025,PHX,PHX25_P14,11,11,0,171,15.545454545454545
2025,PHX,PHX25_P15,9,9,0,309,34.333333333333336
2025,PHX,PHX25_P16,9,9,0,286,31.77777777777778
2025,PHX,PHX25_P17,9,9,0,262,29.11111111111111
2025,PHX,PHX25_P18,8,8,0,282,35.25
2025,PHX,PHX25_P19,8,8,0,265,33.125
2025,PHX,PHX25_P20,8,8,0,253,31.625
2025,PHX,PHX25_P21,8,8,0,229,28.625
2025,PHX,PHX25_P22,8,8,0,205,25.625
2025,PHX,PHX25_P23,8,8,0,155,19.375
2025,PHX,PHX25_P24,8,8,0,151,18.875
2025,PHX,PHX25_P25,8,8,0,141,17.625
2025,PHX,PHX25_P26,9,8,1,92,11.5
2025,PHX,PHX25_P27,9,8,1,81,10.125
2025,PHX,PHX25_P28,7,7,0,226,32.285714285714285
2025,PHX,PHX25_P29,7,7,0,221,31.571428571428573
2025,PHX,PHX25_P30,7,7,0,143,20.428571428571427
2025,PHX,PHX25_P31,7,7,0,133,19
2025,PHX,PHX25_P32,7,7,0,51,7.285714285714286
2025,PHX,PHX25_P33,8,6,2,202,33.666666666666664
2025,PHX,PHX25_P34,7,6,1,201,33.5
2025,PHX,PHX25_P35,7,6,1,157,26.166666666666668
2025,PHX,PHX25_P36,9,6,3,68,11.333333333333334
2025,PHX,PHX25_P37,6,6,0,66,11
2025,PHX,PHX25_P38,5,5,0,151,30.2
2025,PHX,PHX25_P39,5,5,0,139,27.8
2025,PHX,PHX25_P40,5,5,0,94,18.8
2025,PHX,PHX25_P41,5,5,0,84,16.8
2025,PHX,PHX25_P42,7,5,2,82,16.4
2025,PHX,PHX25_P43,5,5,0,82,16.4
2025,PHX,PHX25_P44,5,5,0,69,13.8
2025,PHX,PHX25_P45,5,5,0,52,10.4
2025,PHX,PHX25_P46,7,5,2,47,9.4
2025,PHX,PHX25_P47,4,4,0,144,36
2025,PHX,PHX25_P48,4,4,0,138,34.5
2025,PHX,PHX25_P49,4,4,0,130,32.5
2025,PHX,PHX25_P50,4,4,0,124,31
2025,PHX,PHX25_P51,4,4,0,122,30.5
2025,PHX,PHX25_P52,4,4,0,122,30.5
2025,PHX,PHX25_P53,4,4,0,111,27.75
2025,PHX,PHX25_P54,4,4,0,108,27
2025,PHX,PHX25_P55,4,4,0,107,26.75
2025,PHX,PHX25_P56,4,4,0,107,26.75
2025,PHX,PHX25_P57,5,4,1,107,26.75
2025,PHX,PHX25_P58,4,4,0,106,26.5
2025,PHX,PHX25_P59,4,4,0,102,25.5
2025,PHX,PHX25_P60,4,4,0,86,21.5
2025,PHX,PHX25_P61,4,4,0,84,21
2025,PHX,PHX25_P62,4,4,0,82,20.5
2025,PHX,PHX25_P63,4,4,0,79,19.75
2025,PHX,PHX25_P64,4,4,0,70,17.5
2025,PHX,PHX25_P65,4,4,0,70,17.5
2025,PHX,PHX25_P66,4,4,0,68,17
2025,PHX,PHX25_P67,4,4,0,66,16.5
2025,PHX,PHX25_P68,5,4,1,66,16.5
2025,PHX,PHX25_P69,4,4,0,63,15.75
2025,PHX,PHX25_P70,4,4,0,53,13.25
2025,PHX,PHX25_P71,4,4,0,48,12
2025,PHX,PHX25_P72,4,4,0,46,11.5
2025,PHX,PHX25_P73,7,4,3,33,8.25
2025,PHX,PHX25_P74,7,4,3,32,8
2025,PHX,PHX25_P75,3,3,0,105,35
2025,PHX,PHX25_P76,3,3,0,102,34
2025,PHX,PHX25_P77,3,3,0,96,32
2025,PHX,PHX25_P78,3,3,0,93,31
2025,PHX,PHX25_P79,4,3,1,93,31
2025,PHX,PHX25_P80,3,3,0,92,30.666666666666668
2025,PHX,PHX25_P81,3,3,0,92,30.666666666666668
2025,PHX,PHX25_P82,3,3,0,91,30.333333333333332
2025,PHX,PHX25_P83,3,3,0,91,30.333333333333332
2025,PHX,PHX25_P84,3,3,0,88,29.333333333333332
2025,PHX,PHX25_P85,3,3,0,87,29
2025,PHX,PHX25_P86,4,3,1,87,29
2025,PHX,PHX25_P87,4,3,1,86,28.666666666666668
2025,PHX,PHX25_P88,3,3,0,85,28.333333333333332
2025,PHX,PHX25_P89,3,3,0,80,26.666666666666668
2025,PHX,PHX25_P90,3,3,0,79,26.333333333333332
2025,PHX,PHX25_P91,3,3,0,78,26
2025,PHX,PHX25_P92,4,3,1,75,25
2025,PHX,PHX25_P93,3,3,0,75,25
2025,PHX,PHX25_P94,3,3,0,73,24.333333333333332
2025,PHX,PHX25_P95,3,3,0,72,24
2025,PHX,PHX25_P96,3,3,0,70,23.333333333333332
2025,PHX,PHX25_P97,3,3,0,66,22
2025,PHX,PHX25_P98,3,3,0,61,20.333333333333332
2025,PHX,PHX25_P99,3,3,0,59,19.666666666666668
2025,PHX,PHX25_P100,3,3,0,56,18.666666666666668
2025,PHX,PHX25_P101,7,3,4,56,18.666666666666668
2025,PHX,PHX25_P102,4,3,1,49,16.333333333333332
2025,PHX,PHX25_P103,3,3,0,46,15.333333333333334
2025,PHX,PHX25_P104,3,3,0,43,14.333333333333334
2025,PHX,PHX25_P105,3,3,0,42,14
2025,PHX,PHX25_P106,4,3,1,42,14
2025,PHX,PHX25_P107,3,3,0,38,12.666666666666666
2025,PHX,PHX25_P108,3,3,0,35,11.666666666666666
2025,PHX,PHX25_P109,3,3,0,33,11
2025,PHX,PHX25_P110,10,3,7,33,11
2025,PHX,PHX25_P111,3,3,0,31,10.333333333333334
2025,PHX,PHX25_P112,3,3,0,31,10.333333333333334
2025,PHX,PHX25_P113,3,3,0,31,10.333333333333334
2025,PHX,PHX25_P114,3,3,0,31,10.333333333333334
2025,PHX,PHX25_P115,4,3,1,30,10
2025,PHX,PHX25_P116,3,3,0,29,9.666666666666666
2025,PHX,PHX25_P117,4,3,1,29,9.666666666666666
2025,PHX,PHX25_P118,4,3,1,26,8.666666666666666
2025,PHX,PHX25_P119,4,3,1,19,6.333333333333333
2025,PHX,PHX25_P120,7,3,4,15,5
2025,PHX,PHX25_P121,8,3,5,8,2.6666666666666665
2025,PHX,PHX25_P122,3,2,1,56,28
2025,PHX,PHX25_P123,3,2,1,55,27.5
2025,PHX,PHX25_P124,3,2,1,54,27
2025,PHX,PHX25_P125,3,2,1,52,26
2025,PHX,PHX25_P126,4,2,2,50,25
2025,PHX,PHX25_P127,4,2,2,47,23.5
2025,PHX,PHX25_P128,2,2,0,47,23.5
2025,PHX,PHX25_P129,3,2,1,45,22.5
2025,PHX,PHX25_P130,2,2,0,45,22.5
2025,PHX,PHX25_P131,3,2,1,40,20
2025,PHX,PHX25_P132,2,2,0,39,19.5
2025,PHX,PHX25_P133,2,2,0,38,19
2025,PHX,PHX25_P134,4,2,2,38,19
2025,PHX,PHX25_P135,4,2,2,37,18.5
2025,PHX,PHX25_P136,3,2,1,35,17.5
2025,PHX,PHX25_P137,3,2,1,34,17
2025,PHX,PHX25_P138,3,2,1,32,16
2025,PHX,PHX25_P139,2,2,0,31,15.5
2025,PHX,PHX25_P140,3,2,1,30,15
2025,PHX,PHX25_P141,4,2,2,29,14.5
2025,PHX,PHX25_P142,3,2,1,29,14.5
2025,PHX,PHX25_P143,4,2,2,24,12
2025,PHX,PHX25_P144,2,2,0,22,11
2025,PHX,PHX25_P145,3,2,1,21,10.5
2025,PHX,PHX25_P146,2,2,0,19,9.5
2025,PHX,PHX25_P147,3,2,1,15,7.5
2025,PHX,PHX25_P148,3,2,1,14,7
2025,PHX,PHX25_P149,5,2,3,14,7
2025,PHX,PHX25_P150,2,2,0,7,3.5
2025,PHX,PHX25_P151,4,1,3,36,36
2025,PHX,PHX25_P152,2,1,1,35,35
2025,PHX,PHX25_P153,6,1,5,30,30
2025,PHX,PHX25_P154,1,1,0,26,26
2025,PHX,PHX25_P155,1,1,0,26,26
2025,PHX,PHX25_P156,1,1,0,20,20
2025,PHX,PHX25_P157,1,1,0,17,17
2025,PHX,PHX25_P158,2,1,1,16,16
2025,PHX,PHX25_P159,1,1,0,16,16
2025,PHX,PHX25_P160,1,1,0,13,13
2025,PHX,PHX25_P161,1,1,0,13,13
2025,PHX,PHX25_P162,1,1,0,12,12
2025,PHX,PHX25_P163,1,1,0,10,10
2025,PHX,PHX25_P164,2,1,1,9,9
2025,PHX,PHX25_P165,2,1,1,9,9
2025,PHX,PHX25_P166,2,1,1,8,8
2025,PHX,PHX25_P167,1,1,0,8,8
2025,PHX,PHX25_P168,1,1,0,7,7
2025,PHX,PHX25_P169,1,1,0,6,6
2025,PHX,PHX25_P170,3,1,2,6,6
2025,PHX,PHX25_P171,1,1,0,5,5
2025,PHX,PHX25_P172,1,1,0,4,4
2025,PHX,PHX25_P173,1,1,0,4,4
2025,PHX,PHX25_P174,1,1,0,3,3
2025,PHX,PHX25_P175,5,1,4,2,2
2025,PHX,PHX25_P176,2,1,1,2,2
2025,PHX,PHX25_P177,2,1,1,1,1
2025,PHX,PHX25_P178,4,1,3,1,1
2025,PHX,PHX25_P179,2,0,2,0,NA
2025,PHX,PHX25_P180,1,0,1,0,NA
2025,PHX,PHX25_P181,4,0,4,0,NA
2025,PHX,PHX25_P182,2,0,2,0,NA
2025,PHX,PHX25_P183,3,0,3,0,NA
2025,PHX,PHX25_P184,1,0,1,0,NA
2025,PHX,PHX25_P185,1,0,1,0,NA
2025,PHX,PHX25_P186,3,0,3,0,NA
2025,PHX,PHX25_P187,4,0,4,0,NA
2025,PHX,PHX25_P188,2,0,2,0,NA
2025,PHX,PHX25_P189,1,0,1,0,NA
2024,SEA,SEA24_P01,44,44,0,1380,31.363636363636363
2024,SEA,SEA24_P02,44,43,1,650,15.116279069767442
2024,SEA,SEA24_P03,43,42,1,923,21.976190476190474
2024,SEA,SEA24_P04,44,41,3,1342,32.73170731707317
2024,SEA,SEA24_P05,44,41,3,1287,31.390243902439025
2024,SEA,SEA24_P06,44,41,3,657,16.024390243902438
2024,SEA,SEA24_P07,42,39,3,1182,30.307692307692307
2024,SEA,SEA24_P08,44,38,6,484,12.736842105263158
2024,SEA,SEA24_P09,36,30,6,269,8.966666666666667
2024,SEA,SEA24_P10,41,17,24,78,4.588235294117647
2024,SEA,SEA24_P11,27,15,12,64,4.266666666666667
2024,SEA,SEA24_P12,15,14,1,427,30.5
2024,SEA,SEA24_P13,10,9,1,55,6.111111111111111
2024,SEA,SEA24_P14,6,6,0,211,35.166666666666664
2024,SEA,SEA24_P15,6,6,0,201,33.5
2024,SEA,SEA24_P16,6,6,0,187,31.166666666666668
2024,SEA,SEA24_P17,6,6,0,132,22
2024,SEA,SEA24_P18,6,6,0,130,21.666666666666668
2024,SEA,SEA24_P19,6,6,0,115,19.166666666666668
2024,SEA,SEA24_P20,6,6,0,109,18.166666666666668
2024,SEA,SEA24_P21,5,5,0,146,29.2
2024,SEA,SEA24_P22,5,5,0,145,29
2024,SEA,SEA24_P23,5,5,0,144,28.8
2024,SEA,SEA24_P24,5,5,0,131,26.2
2024,SEA,SEA24_P25,5,5,0,130,26
2024,SEA,SEA24_P26,5,5,0,124,24.8
2024,SEA,SEA24_P27,5,5,0,123,24.6
2024,SEA,SEA24_P28,5,5,0,114,22.8
2024,SEA,SEA24_P29,5,5,0,104,20.8
2024,SEA,SEA24_P30,5,5,0,82,16.4
2024,SEA,SEA24_P31,6,5,1,69,13.8
2024,SEA,SEA24_P32,5,5,0,67,13.4
2024,SEA,SEA24_P33,6,5,1,29,5.8
2024,SEA,SEA24_P34,4,4,0,153,38.25
2024,SEA,SEA24_P35,4,4,0,147,36.75
2024,SEA,SEA24_P36,4,4,0,136,34
2024,SEA,SEA24_P37,4,4,0,132,33
2024,SEA,SEA24_P38,4,4,0,128,32
2024,SEA,SEA24_P39,4,4,0,127,31.75
2024,SEA,SEA24_P40,4,4,0,117,29.25
2024,SEA,SEA24_P41,4,4,0,112,28
2024,SEA,SEA24_P42,4,4,0,112,28
2024,SEA,SEA24_P43,4,4,0,110,27.5
2024,SEA,SEA24_P44,4,4,0,108,27
2024,SEA,SEA24_P45,4,4,0,107,26.75
2024,SEA,SEA24_P46,4,4,0,105,26.25
2024,SEA,SEA24_P47,5,4,1,93,23.25
2024,SEA,SEA24_P48,4,4,0,93,23.25
2024,SEA,SEA24_P49,4,4,0,92,23
2024,SEA,SEA24_P50,4,4,0,90,22.5
2024,SEA,SEA24_P51,4,4,0,90,22.5
2024,SEA,SEA24_P52,4,4,0,66,16.5
2024,SEA,SEA24_P53,4,4,0,63,15.75
2024,SEA,SEA24_P54,4,4,0,61,15.25
2024,SEA,SEA24_P55,4,4,0,58,14.5
2024,SEA,SEA24_P56,4,4,0,57,14.25
2024,SEA,SEA24_P57,4,4,0,54,13.5
2024,SEA,SEA24_P58,5,4,1,50,12.5
2024,SEA,SEA24_P59,4,4,0,48,12
2024,SEA,SEA24_P60,4,4,0,43,10.75
2024,SEA,SEA24_P61,4,4,0,38,9.5
2024,SEA,SEA24_P62,4,4,0,32,8
2024,SEA,SEA24_P63,4,4,0,31,7.75
2024,SEA,SEA24_P64,6,4,2,21,5.25
2024,SEA,SEA24_P65,4,3,1,110,36.666666666666664
2024,SEA,SEA24_P66,3,3,0,104,34.666666666666664
2024,SEA,SEA24_P67,3,3,0,102,34
2024,SEA,SEA24_P68,3,3,0,101,33.666666666666664
2024,SEA,SEA24_P69,3,3,0,99,33
2024,SEA,SEA24_P70,3,3,0,98,32.666666666666664
2024,SEA,SEA24_P71,4,3,1,96,32
2024,SEA,SEA24_P72,3,3,0,94,31.333333333333332
2024,SEA,SEA24_P73,3,3,0,93,31
2024,SEA,SEA24_P74,3,3,0,93,31
2024,SEA,SEA24_P75,3,3,0,92,30.666666666666668
2024,SEA,SEA24_P76,3,3,0,91,30.333333333333332
2024,SEA,SEA24_P77,3,3,0,90,30
2024,SEA,SEA24_P78,3,3,0,87,29
2024,SEA,SEA24_P79,3,3,0,85,28.333333333333332
2024,SEA,SEA24_P80,3,3,0,80,26.666666666666668
2024,SEA,SEA24_P81,3,3,0,79,26.333333333333332
2024,SEA,SEA24_P82,3,3,0,61,20.333333333333332
2024,SEA,SEA24_P83,3,3,0,57,19
2024,SEA,SEA24_P84,4,3,1,54,18
2024,SEA,SEA24_P85,3,3,0,53,17.666666666666668
2024,SEA,SEA24_P86,3,3,0,52,17.333333333333332
2024,SEA,SEA24_P87,4,3,1,51,17
2024,SEA,SEA24_P88,4,3,1,49,16.333333333333332
2024,SEA,SEA24_P89,3,3,0,48,16
2024,SEA,SEA24_P90,4,3,1,46,15.333333333333334
2024,SEA,SEA24_P91,4,3,1,45,15
2024,SEA,SEA24_P92,3,3,0,45,15
2024,SEA,SEA24_P93,3,3,0,44,14.666666666666666
2024,SEA,SEA24_P94,4,3,1,44,14.666666666666666
2024,SEA,SEA24_P95,3,3,0,42,14
2024,SEA,SEA24_P96,3,3,0,41,13.666666666666666
2024,SEA,SEA24_P97,3,3,0,39,13
2024,SEA,SEA24_P98,3,3,0,39,13
2024,SEA,SEA24_P99,3,3,0,34,11.333333333333334
2024,SEA,SEA24_P100,6,3,3,34,11.333333333333334
2024,SEA,SEA24_P101,3,3,0,27,9
2024,SEA,SEA24_P102,4,3,1,24,8
2024,SEA,SEA24_P103,5,3,2,20,6.666666666666667
2024,SEA,SEA24_P104,6,3,3,15,5
2024,SEA,SEA24_P105,3,3,0,11,3.6666666666666665
2024,SEA,SEA24_P106,3,3,0,11,3.6666666666666665
2024,SEA,SEA24_P107,3,2,1,78,39
2024,SEA,SEA24_P108,3,2,1,61,30.5
2024,SEA,SEA24_P109,4,2,2,60,30
2024,SEA,SEA24_P110,4,2,2,59,29.5
2024,SEA,SEA24_P111,4,2,2,56,28
2024,SEA,SEA24_P112,2,2,0,54,27
2024,SEA,SEA24_P113,3,2,1,54,27
2024,SEA,SEA24_P114,3,2,1,50,25
2024,SEA,SEA24_P115,4,2,2,46,23
2024,SEA,SEA24_P116,3,2,1,41,20.5
2024,SEA,SEA24_P117,4,2,2,40,20
2024,SEA,SEA24_P118,2,2,0,36,18
2024,SEA,SEA24_P119,3,2,1,34,17
2024,SEA,SEA24_P120,3,2,1,33,16.5
2024,SEA,SEA24_P121,2,2,0,28,14
2024,SEA,SEA24_P122,4,2,2,24,12
2024,SEA,SEA24_P123,4,2,2,22,11
2024,SEA,SEA24_P124,2,2,0,20,10
2024,SEA,SEA24_P125,2,2,0,16,8
2024,SEA,SEA24_P126,3,2,1,16,8
2024,SEA,SEA24_P127,3,2,1,12,6
2024,SEA,SEA24_P128,2,2,0,11,5.5
2024,SEA,SEA24_P129,3,2,1,5,2.5
2024,SEA,SEA24_P130,4,2,2,2,1
2024,SEA,SEA24_P131,3,1,2,36,36
2024,SEA,SEA24_P132,3,1,2,29,29
2024,SEA,SEA24_P133,5,1,4,26,26
2024,SEA,SEA24_P134,3,1,2,23,23
2024,SEA,SEA24_P135,2,1,1,20,20
2024,SEA,SEA24_P136,3,1,2,20,20
2024,SEA,SEA24_P137,1,1,0,17,17
2024,SEA,SEA24_P138,3,1,2,16,16
2024,SEA,SEA24_P139,2,1,1,16,16
2024,SEA,SEA24_P140,1,1,0,14,14
2024,SEA,SEA24_P141,1,1,0,14,14
2024,SEA,SEA24_P142,1,1,0,13,13
2024,SEA,SEA24_P143,1,1,0,13,13
2024,SEA,SEA24_P144,4,1,3,10,10
2024,SEA,SEA24_P145,1,1,0,9,9
2024,SEA,SEA24_P146,1,1,0,9,9
2024,SEA,SEA24_P147,1,1,0,9,9
2024,SEA,SEA24_P148,1,1,0,7,7
2024,SEA,SEA24_P149,3,1,2,5,5
2024,SEA,SEA24_P150,2,1,1,3,3
2024,SEA,SEA24_P151,1,1,0,3,3
2024,SEA,SEA24_P152,1,1,0,2,2
2024,SEA,SEA24_P153,3,1,2,2,2
2024,SEA,SEA24_P154,2,1,1,1,1
2024,SEA,SEA24_P155,1,1,0,1,1
2024,SEA,SEA24_P156,1,0,1,0,NA
2024,SEA,SEA24_P157,1,0,1,0,NA
2024,SEA,SEA24_P158,3,0,3,0,NA
2024,SEA,SEA24_P159,1,0,1,0,NA
2024,SEA,SEA24_P160,2,0,2,0,NA
2024,SEA,SEA24_P161,2,0,2,0,NA
2024,SEA,SEA24_P162,3,0,3,0,NA
2024,SEA,SEA24_P163,2,0,2,0,NA
2024,SEA,SEA24_P164,4,0,4,0,NA
2024,SEA,SEA24_P165,3,0,3,0,NA
2025,SEA,SEA25_P01,48,48,0,1474,30.708333333333332
2025,SEA,SEA25_P02,48,48,0,1227,25.5625
2025,SEA,SEA25_P03,48,47,1,1481,31.51063829787234
2025,SEA,SEA25_P04,48,47,1,1459,31.04255319148936
2025,SEA,SEA25_P05,48,47,1,1274,27.106382978723403
2025,SEA,SEA25_P06,48,45,3,670,14.88888888888889
2025,SEA,SEA25_P07,31,29,2,522,18
2025,SEA,SEA25_P08,42,28,14,295,10.535714285714286
2025,SEA,SEA25_P09,30,27,3,348,12.88888888888889
2025,SEA,SEA25_P10,47,26,21,249,9.576923076923077
2025,SEA,SEA25_P11,20,19,1,544,28.63157894736842
2025,SEA,SEA25_P12,37,12,25,84,7
2025,SEA,SEA25_P13,12,11,1,119,10.818181818181818
2025,SEA,SEA25_P14,7,7,0,237,33.857142857142854
2025,SEA,SEA25_P15,7,7,0,224,32
2025,SEA,SEA25_P16,7,7,0,219,31.285714285714285
2025,SEA,SEA25_P17,7,7,0,206,29.428571428571427
2025,SEA,SEA25_P18,7,7,0,119,17
2025,SEA,SEA25_P19,6,6,0,146,24.333333333333332
2025,SEA,SEA25_P20,7,6,1,58,9.666666666666666
2025,SEA,SEA25_P21,5,5,0,133,26.6
2025,SEA,SEA25_P22,5,5,0,123,24.6
2025,SEA,SEA25_P23,6,5,1,119,23.8
2025,SEA,SEA25_P24,5,5,0,105,21
2025,SEA,SEA25_P25,7,5,2,66,13.2
2025,SEA,SEA25_P26,5,5,0,59,11.8
2025,SEA,SEA25_P27,5,5,0,54,10.8
2025,SEA,SEA25_P28,4,4,0,154,38.5
2025,SEA,SEA25_P29,4,4,0,152,38
2025,SEA,SEA25_P30,4,4,0,135,33.75
2025,SEA,SEA25_P31,4,4,0,131,32.75
2025,SEA,SEA25_P32,4,4,0,124,31
2025,SEA,SEA25_P33,4,4,0,119,29.75
2025,SEA,SEA25_P34,4,4,0,116,29
2025,SEA,SEA25_P35,4,4,0,115,28.75
2025,SEA,SEA25_P36,4,4,0,112,28
2025,SEA,SEA25_P37,4,4,0,111,27.75
2025,SEA,SEA25_P38,4,4,0,111,27.75
2025,SEA,SEA25_P39,4,4,0,111,27.75
2025,SEA,SEA25_P40,4,4,0,107,26.75
2025,SEA,SEA25_P41,4,4,0,107,26.75
2025,SEA,SEA25_P42,5,4,1,106,26.5
2025,SEA,SEA25_P43,4,4,0,100,25
2025,SEA,SEA25_P44,4,4,0,100,25
2025,SEA,SEA25_P45,4,4,0,86,21.5
2025,SEA,SEA25_P46,4,4,0,80,20
2025,SEA,SEA25_P47,5,4,1,75,18.75
2025,SEA,SEA25_P48,4,4,0,72,18
2025,SEA,SEA25_P49,4,4,0,69,17.25
2025,SEA,SEA25_P50,4,4,0,68,17
2025,SEA,SEA25_P51,4,4,0,64,16
2025,SEA,SEA25_P52,7,4,3,59,14.75
2025,SEA,SEA25_P53,4,4,0,59,14.75
2025,SEA,SEA25_P54,4,4,0,42,10.5
2025,SEA,SEA25_P55,4,4,0,35,8.75
2025,SEA,SEA25_P56,4,4,0,34,8.5
2025,SEA,SEA25_P57,3,3,0,120,40
2025,SEA,SEA25_P58,4,3,1,110,36.666666666666664
2025,SEA,SEA25_P59,3,3,0,110,36.666666666666664
2025,SEA,SEA25_P60,3,3,0,108,36
2025,SEA,SEA25_P61,4,3,1,107,35.666666666666664
2025,SEA,SEA25_P62,3,3,0,102,34
2025,SEA,SEA25_P63,4,3,1,101,33.666666666666664
2025,SEA,SEA25_P64,3,3,0,94,31.333333333333332
2025,SEA,SEA25_P65,3,3,0,92,30.666666666666668
2025,SEA,SEA25_P66,3,3,0,91,30.333333333333332
2025,SEA,SEA25_P67,4,3,1,88,29.333333333333332
2025,SEA,SEA25_P68,3,3,0,87,29
2025,SEA,SEA25_P69,3,3,0,86,28.666666666666668
2025,SEA,SEA25_P70,3,3,0,86,28.666666666666668
2025,SEA,SEA25_P71,4,3,1,86,28.666666666666668
2025,SEA,SEA25_P72,3,3,0,83,27.666666666666668
2025,SEA,SEA25_P73,4,3,1,80,26.666666666666668
2025,SEA,SEA25_P74,3,3,0,80,26.666666666666668
2025,SEA,SEA25_P75,3,3,0,74,24.666666666666668
2025,SEA,SEA25_P76,4,3,1,73,24.333333333333332
2025,SEA,SEA25_P77,3,3,0,72,24
2025,SEA,SEA25_P78,3,3,0,71,23.666666666666668
2025,SEA,SEA25_P79,3,3,0,71,23.666666666666668
2025,SEA,SEA25_P80,3,3,0,70,23.333333333333332
2025,SEA,SEA25_P81,4,3,1,70,23.333333333333332
2025,SEA,SEA25_P82,3,3,0,69,23
2025,SEA,SEA25_P83,3,3,0,67,22.333333333333332
2025,SEA,SEA25_P84,4,3,1,66,22
2025,SEA,SEA25_P85,3,3,0,60,20
2025,SEA,SEA25_P86,3,3,0,58,19.333333333333332
2025,SEA,SEA25_P87,3,3,0,58,19.333333333333332
2025,SEA,SEA25_P88,3,3,0,58,19.333333333333332
2025,SEA,SEA25_P89,3,3,0,57,19
2025,SEA,SEA25_P90,4,3,1,57,19
2025,SEA,SEA25_P91,3,3,0,55,18.333333333333332
2025,SEA,SEA25_P92,3,3,0,54,18
2025,SEA,SEA25_P93,4,3,1,52,17.333333333333332
2025,SEA,SEA25_P94,3,3,0,51,17
2025,SEA,SEA25_P95,3,3,0,48,16
2025,SEA,SEA25_P96,4,3,1,47,15.666666666666666
2025,SEA,SEA25_P97,3,3,0,45,15
2025,SEA,SEA25_P98,3,3,0,45,15
2025,SEA,SEA25_P99,4,3,1,44,14.666666666666666
2025,SEA,SEA25_P100,3,3,0,43,14.333333333333334
2025,SEA,SEA25_P101,4,3,1,42,14
2025,SEA,SEA25_P102,3,3,0,36,12
2025,SEA,SEA25_P103,4,3,1,27,9
2025,SEA,SEA25_P104,3,3,0,24,8
2025,SEA,SEA25_P105,3,3,0,23,7.666666666666667
2025,SEA,SEA25_P106,3,3,0,18,6
2025,SEA,SEA25_P107,3,3,0,11,3.6666666666666665
2025,SEA,SEA25_P108,3,2,1,63,31.5
2025,SEA,SEA25_P109,2,2,0,63,31.5
2025,SEA,SEA25_P110,3,2,1,58,29
2025,SEA,SEA25_P111,3,2,1,51,25.5
2025,SEA,SEA25_P112,3,2,1,51,25.5
2025,SEA,SEA25_P113,2,2,0,49,24.5
2025,SEA,SEA25_P114,3,2,1,46,23
2025,SEA,SEA25_P115,3,2,1,45,22.5
2025,SEA,SEA25_P116,4,2,2,41,20.5
2025,SEA,SEA25_P117,2,2,0,39,19.5
2025,SEA,SEA25_P118,3,2,1,35,17.5
2025,SEA,SEA25_P119,2,2,0,30,15
2025,SEA,SEA25_P120,3,2,1,28,14
2025,SEA,SEA25_P121,3,2,1,26,13
2025,SEA,SEA25_P122,3,2,1,26,13
2025,SEA,SEA25_P123,2,2,0,25,12.5
2025,SEA,SEA25_P124,2,2,0,23,11.5
2025,SEA,SEA25_P125,3,2,1,22,11
2025,SEA,SEA25_P126,3,2,1,22,11
2025,SEA,SEA25_P127,3,2,1,18,9
2025,SEA,SEA25_P128,3,2,1,17,8.5
2025,SEA,SEA25_P129,2,2,0,17,8.5
2025,SEA,SEA25_P130,7,2,5,17,8.5
2025,SEA,SEA25_P131,2,2,0,17,8.5
2025,SEA,SEA25_P132,3,2,1,16,8
2025,SEA,SEA25_P133,3,2,1,16,8
2025,SEA,SEA25_P134,5,2,3,14,7
2025,SEA,SEA25_P135,3,2,1,11,5.5
2025,SEA,SEA25_P136,4,2,2,8,4
2025,SEA,SEA25_P137,4,1,3,39,39
2025,SEA,SEA25_P138,4,1,3,35,35
2025,SEA,SEA25_P139,2,1,1,33,33
2025,SEA,SEA25_P140,3,1,2,32,32
2025,SEA,SEA25_P141,3,1,2,31,31
2025,SEA,SEA25_P142,2,1,1,28,28
2025,SEA,SEA25_P143,2,1,1,27,27
2025,SEA,SEA25_P144,2,1,1,25,25
2025,SEA,SEA25_P145,3,1,2,25,25
2025,SEA,SEA25_P146,1,1,0,24,24
2025,SEA,SEA25_P147,3,1,2,24,24
2025,SEA,SEA25_P148,1,1,0,22,22
2025,SEA,SEA25_P149,3,1,2,22,22
2025,SEA,SEA25_P150,1,1,0,20,20
2025,SEA,SEA25_P151,1,1,0,20,20
2025,SEA,SEA25_P152,3,1,2,18,18
2025,SEA,SEA25_P153,4,1,3,18,18
2025,SEA,SEA25_P154,5,1,4,17,17
2025,SEA,SEA25_P155,1,1,0,17,17
2025,SEA,SEA25_P156,1,1,0,17,17
2025,SEA,SEA25_P157,2,1,1,17,17
2025,SEA,SEA25_P158,4,1,3,16,16
2025,SEA,SEA25_P159,1,1,0,12,12
2025,SEA,SEA25_P160,2,1,1,12,12
2025,SEA,SEA25_P161,4,1,3,11,11
2025,SEA,SEA25_P162,1,1,0,10,10
2025,SEA,SEA25_P163,1,1,0,8,8
2025,SEA,SEA25_P164,3,1,2,6,6
2025,SEA,SEA25_P165,1,1,0,6,6
2025,SEA,SEA25_P166,2,1,1,5,5
2025,SEA,SEA25_P167,1,1,0,5,5
2025,SEA,SEA25_P168,1,1,0,5,5
2025,SEA,SEA25_P169,1,1,0,5,5
2025,SEA,SEA25_P170,1,1,0,4,4
2025,SEA,SEA25_P171,3,1,2,4,4
2025,SEA,SEA25_P172,1,1,0,3,3
2025,SEA,SEA25_P173,1,1,0,1,1
2025,SEA,SEA25_P174,1,1,0,1,1
2025,SEA,SEA25_P175,4,1,3,1,1
2025,SEA,SEA25_P176,1,0,1,0,NA
2025,SEA,SEA25_P177,41,0,41,0,NA
2025,SEA,SEA25_P178,1,0,1,0,NA
2025,SEA,SEA25_P179,1,0,1,0,NA
2025,SEA,SEA25_P180,1,0,1,0,NA
2025,SEA,SEA25_P181,1,0,1,0,NA
2025,SEA,SEA25_P182,3,0,3,0,NA
2025,SEA,SEA25_P183,4,0,4,0,NA
2025,SEA,SEA25_P184,2,0,2,0,NA
2025,SEA,SEA25_P185,1,0,1,0,NA
2025,SEA,SEA25_P186,3,0,3,0,NA
2025,TOY,TOY25_P01,2,2,0,63,31.5
2025,TOY,TOY25_P02,2,2,0,54,27
2025,TOY,TOY25_P03,2,2,0,51,25.5
2025,TOY,TOY25_P04,2,2,0,45,22.5
2025,TOY,TOY25_P05,2,2,0,45,22.5
2025,TOY,TOY25_P06,2,2,0,42,21
2025,TOY,TOY25_P07,2,2,0,40,20
2025,TOY,TOY25_P08,2,2,0,32,16
2025,TOY,TOY25_P09,2,2,0,30,15
2025,TOY,TOY25_P10,1,1,0,25,25
2025,TOY,TOY25_P11,1,1,0,23,23
2025,TOY,TOY25_P12,1,1,0,22,22
2025,TOY,TOY25_P13,1,1,0,22,22
2025,TOY,TOY25_P14,1,1,0,21,21
2025,TOY,TOY25_P15,1,1,0,20,20
2025,TOY,TOY25_P16,1,1,0,19,19
2025,TOY,TOY25_P17,1,1,0,18,18
2025,TOY,TOY25_P18,1,1,0,18,18
2025,TOY,TOY25_P19,1,1,0,18,18
2025,TOY,TOY25_P20,1,1,0,17,17
2025,TOY,TOY25_P21,1,1,0,17,17
2025,TOY,TOY25_P22,1,1,0,16,16
2025,TOY,TOY25_P23,1,1,0,16,16
2025,TOY,TOY25_P24,1,1,0,16,16
2025,TOY,TOY25_P25,1,1,0,15,15
2025,TOY,TOY25_P26,1,1,0,14,14
2025,TOY,TOY25_P27,1,1,0,13,13
2025,TOY,TOY25_P28,1,1,0,13,13
2025,TOY,TOY25_P29,1,1,0,12,12
2025,TOY,TOY25_P30,1,1,0,10,10
2025,TOY,TOY25_P31,1,1,0,10,10
2025,TOY,TOY25_P32,1,1,0,8,8
2025,TOY,TOY25_P33,1,1,0,6,6
2025,TOY,TOY25_P34,1,1,0,6,6
2025,TOY,TOY25_P35,1,1,0,6,6
2025,TOY,TOY25_P36,1,0,1,0,NA
2025,TOY,TOY25_P37,1,0,1,0,NA
2025,TOY,TOY25_P38,1,0,1,0,NA
2025,TOY,TOY25_P39,2,0,2,0,NA
2025,TOY,TOY25_P40,2,0,2,0,NA
2024,WSH,WSH24_P01,42,42,0,1234,29.38095238095238
2024,WSH,WSH24_P02,42,42,0,969,23.071428571428573
2024,WSH,WSH24_P03,42,42,0,923,21.976190476190474
2024,WSH,WSH24_P04,41,41,0,1044,25.463414634146343
2024,WSH,WSH24_P05,40,37,3,524,14.162162162162161
2024,WSH,WSH24_P06,40,36,4,771,21.416666666666668
2024,WSH,WSH24_P07,42,34,8,488,14.352941176470589
2024,WSH,WSH24_P08,40,31,9,749,24.161290322580644
2024,WSH,WSH24_P09,30,30,0,573,19.1
2024,WSH,WSH24_P10,29,21,8,227,10.80952380952381
2024,WSH,WSH24_P11,37,20,17,444,22.2
2024,WSH,WSH24_P12,35,14,21,261,18.642857142857142
2024,WSH,WSH24_P13,16,12,4,163,13.583333333333334
2024,WSH,WSH24_P14,14,8,6,60,7.5
2024,WSH,WSH24_P15,5,5,0,153,30.6
2024,WSH,WSH24_P16,5,5,0,152,30.4
2024,WSH,WSH24_P17,5,5,0,145,29
2024,WSH,WSH24_P18,5,5,0,135,27
2024,WSH,WSH24_P19,5,5,0,132,26.4
2024,WSH,WSH24_P20,5,5,0,127,25.4
2024,WSH,WSH24_P21,5,5,0,124,24.8
2024,WSH,WSH24_P22,5,5,0,105,21
2024,WSH,WSH24_P23,5,5,0,78,15.6
2024,WSH,WSH24_P24,5,5,0,61,12.2
2024,WSH,WSH24_P25,5,5,0,51,10.2
2024,WSH,WSH24_P26,5,5,0,50,10
2024,WSH,WSH24_P27,4,4,0,142,35.5
2024,WSH,WSH24_P28,4,4,0,134,33.5
2024,WSH,WSH24_P29,4,4,0,134,33.5
2024,WSH,WSH24_P30,4,4,0,134,33.5
2024,WSH,WSH24_P31,4,4,0,131,32.75
2024,WSH,WSH24_P32,4,4,0,130,32.5
2024,WSH,WSH24_P33,4,4,0,127,31.75
2024,WSH,WSH24_P34,4,4,0,127,31.75
2024,WSH,WSH24_P35,4,4,0,127,31.75
2024,WSH,WSH24_P36,4,4,0,124,31
2024,WSH,WSH24_P37,4,4,0,122,30.5
2024,WSH,WSH24_P38,5,4,1,117,29.25
2024,WSH,WSH24_P39,4,4,0,116,29
2024,WSH,WSH24_P40,4,4,0,113,28.25
2024,WSH,WSH24_P41,4,4,0,109,27.25
2024,WSH,WSH24_P42,4,4,0,107,26.75
2024,WSH,WSH24_P43,4,4,0,101,25.25
2024,WSH,WSH24_P44,4,4,0,99,24.75
2024,WSH,WSH24_P45,4,4,0,98,24.5
2024,WSH,WSH24_P46,4,4,0,84,21
2024,WSH,WSH24_P47,4,4,0,80,20
2024,WSH,WSH24_P48,4,4,0,76,19
2024,WSH,WSH24_P49,4,4,0,75,18.75
2024,WSH,WSH24_P50,4,4,0,75,18.75
2024,WSH,WSH24_P51,4,4,0,74,18.5
2024,WSH,WSH24_P52,4,4,0,73,18.25
2024,WSH,WSH24_P53,4,4,0,69,17.25
2024,WSH,WSH24_P54,4,4,0,68,17
2024,WSH,WSH24_P55,4,4,0,65,16.25
2024,WSH,WSH24_P56,4,4,0,62,15.5
2024,WSH,WSH24_P57,4,4,0,58,14.5
2024,WSH,WSH24_P58,5,4,1,53,13.25
2024,WSH,WSH24_P59,4,4,0,45,11.25
2024,WSH,WSH24_P60,4,4,0,36,9
2024,WSH,WSH24_P61,4,4,0,30,7.5
2024,WSH,WSH24_P62,4,4,0,27,6.75
2024,WSH,WSH24_P63,5,4,1,24,6
2024,WSH,WSH24_P64,3,3,0,111,37
2024,WSH,WSH24_P65,4,3,1,102,34
2024,WSH,WSH24_P66,3,3,0,100,33.333333333333336
2024,WSH,WSH24_P67,3,3,0,100,33.333333333333336
2024,WSH,WSH24_P68,4,3,1,97,32.333333333333336
2024,WSH,WSH24_P69,3,3,0,96,32
2024,WSH,WSH24_P70,3,3,0,94,31.333333333333332
2024,WSH,WSH24_P71,3,3,0,94,31.333333333333332
2024,WSH,WSH24_P72,3,3,0,93,31
2024,WSH,WSH24_P73,3,3,0,93,31
2024,WSH,WSH24_P74,3,3,0,91,30.333333333333332
2024,WSH,WSH24_P75,3,3,0,90,30
2024,WSH,WSH24_P76,3,3,0,88,29.333333333333332
2024,WSH,WSH24_P77,3,3,0,82,27.333333333333332
2024,WSH,WSH24_P78,3,3,0,81,27
2024,WSH,WSH24_P79,3,3,0,81,27
2024,WSH,WSH24_P80,3,3,0,78,26
2024,WSH,WSH24_P81,4,3,1,77,25.666666666666668
2024,WSH,WSH24_P82,3,3,0,67,22.333333333333332
2024,WSH,WSH24_P83,3,3,0,65,21.666666666666668
2024,WSH,WSH24_P84,3,3,0,64,21.333333333333332
2024,WSH,WSH24_P85,3,3,0,63,21
2024,WSH,WSH24_P86,4,3,1,57,19
2024,WSH,WSH24_P87,4,3,1,56,18.666666666666668
2024,WSH,WSH24_P88,4,3,1,52,17.333333333333332
2024,WSH,WSH24_P89,4,3,1,51,17
2024,WSH,WSH24_P90,3,3,0,51,17
2024,WSH,WSH24_P91,3,3,0,50,16.666666666666668
2024,WSH,WSH24_P92,4,3,1,49,16.333333333333332
2024,WSH,WSH24_P93,3,3,0,48,16
2024,WSH,WSH24_P94,3,3,0,46,15.333333333333334
2024,WSH,WSH24_P95,3,3,0,43,14.333333333333334
2024,WSH,WSH24_P96,4,3,1,37,12.333333333333334
2024,WSH,WSH24_P97,4,3,1,37,12.333333333333334
2024,WSH,WSH24_P98,3,3,0,34,11.333333333333334
2024,WSH,WSH24_P99,3,3,0,34,11.333333333333334
2024,WSH,WSH24_P100,5,3,2,34,11.333333333333334
2024,WSH,WSH24_P101,5,3,2,33,11
2024,WSH,WSH24_P102,3,3,0,32,10.666666666666666
2024,WSH,WSH24_P103,3,3,0,30,10
2024,WSH,WSH24_P104,4,3,1,29,9.666666666666666
2024,WSH,WSH24_P105,3,3,0,23,7.666666666666667
2024,WSH,WSH24_P106,8,3,5,19,6.333333333333333
2024,WSH,WSH24_P107,3,3,0,18,6
2024,WSH,WSH24_P108,3,3,0,16,5.333333333333333
2024,WSH,WSH24_P109,4,3,1,10,3.3333333333333335
2024,WSH,WSH24_P110,3,2,1,67,33.5
2024,WSH,WSH24_P111,3,2,1,56,28
2024,WSH,WSH24_P112,4,2,2,50,25
2024,WSH,WSH24_P113,2,2,0,43,21.5
2024,WSH,WSH24_P114,3,2,1,40,20
2024,WSH,WSH24_P115,3,2,1,39,19.5
2024,WSH,WSH24_P116,4,2,2,34,17
2024,WSH,WSH24_P117,3,2,1,30,15
2024,WSH,WSH24_P118,3,2,1,29,14.5
2024,WSH,WSH24_P119,3,2,1,26,13
2024,WSH,WSH24_P120,2,2,0,23,11.5
2024,WSH,WSH24_P121,4,2,2,17,8.5
2024,WSH,WSH24_P122,2,2,0,17,8.5
2024,WSH,WSH24_P123,2,2,0,16,8
2024,WSH,WSH24_P124,5,2,3,16,8
2024,WSH,WSH24_P125,2,2,0,14,7
2024,WSH,WSH24_P126,2,2,0,12,6
2024,WSH,WSH24_P127,3,2,1,9,4.5
2024,WSH,WSH24_P128,2,2,0,8,4
2024,WSH,WSH24_P129,4,2,2,7,3.5
2024,WSH,WSH24_P130,2,1,1,40,40
2024,WSH,WSH24_P131,2,1,1,33,33
2024,WSH,WSH24_P132,2,1,1,30,30
2024,WSH,WSH24_P133,2,1,1,26,26
2024,WSH,WSH24_P134,1,1,0,24,24
2024,WSH,WSH24_P135,1,1,0,24,24
2024,WSH,WSH24_P136,1,1,0,22,22
2024,WSH,WSH24_P137,1,1,0,21,21
2024,WSH,WSH24_P138,1,1,0,18,18
2024,WSH,WSH24_P139,1,1,0,16,16
2024,WSH,WSH24_P140,4,1,3,15,15
2024,WSH,WSH24_P141,2,1,1,14,14
2024,WSH,WSH24_P142,1,1,0,14,14
2024,WSH,WSH24_P143,1,1,0,13,13
2024,WSH,WSH24_P144,1,1,0,13,13
2024,WSH,WSH24_P145,1,1,0,12,12
2024,WSH,WSH24_P146,4,1,3,12,12
2024,WSH,WSH24_P147,1,1,0,11,11
2024,WSH,WSH24_P148,4,1,3,10,10
2024,WSH,WSH24_P149,2,1,1,9,9
2024,WSH,WSH24_P150,2,1,1,8,8
2024,WSH,WSH24_P151,3,1,2,7,7
2024,WSH,WSH24_P152,2,1,1,7,7
2024,WSH,WSH24_P153,3,1,2,7,7
2024,WSH,WSH24_P154,1,1,0,6,6
2024,WSH,WSH24_P155,1,1,0,6,6
2024,WSH,WSH24_P156,4,1,3,5,5
2024,WSH,WSH24_P157,1,1,0,4,4
2024,WSH,WSH24_P158,3,1,2,4,4
2024,WSH,WSH24_P159,1,1,0,4,4
2024,WSH,WSH24_P160,2,1,1,2,2
2024,WSH,WSH24_P161,1,1,0,2,2
2024,WSH,WSH24_P162,1,1,0,1,1
2024,WSH,WSH24_P163,1,0,1,0,NA
2024,WSH,WSH24_P164,2,0,2,0,NA
2024,WSH,WSH24_P165,1,0,1,0,NA
2024,WSH,WSH24_P166,1,0,1,0,NA
2024,WSH,WSH24_P167,2,0,2,0,NA
2024,WSH,WSH24_P168,1,0,1,0,NA
2025,WSH,WSH25_P01,46,46,0,1455,31.630434782608695
2025,WSH,WSH25_P02,46,46,0,1223,26.58695652173913
2025,WSH,WSH25_P03,46,45,1,1178,26.177777777777777
2025,WSH,WSH25_P04,45,45,0,1049,23.31111111111111
2025,WSH,WSH25_P05,46,45,1,692,15.377777777777778
2025,WSH,WSH25_P06,46,43,3,545,12.674418604651162
2025,WSH,WSH25_P07,45,42,3,556,13.238095238095237
2025,WSH,WSH25_P08,43,38,5,874,23
2025,WSH,WSH25_P09,30,28,2,843,30.107142857142858
2025,WSH,WSH25_P10,31,23,8,311,13.521739130434783
2025,WSH,WSH25_P11,18,17,1,370,21.764705882352942
2025,WSH,WSH25_P12,25,11,14,75,6.818181818181818
2025,WSH,WSH25_P13,12,9,3,47,5.222222222222222
2025,WSH,WSH25_P14,5,5,0,155,31
2025,WSH,WSH25_P15,5,5,0,153,30.6
2025,WSH,WSH25_P16,5,5,0,150,30
2025,WSH,WSH25_P17,5,5,0,143,28.6
2025,WSH,WSH25_P18,5,5,0,122,24.4
2025,WSH,WSH25_P19,5,5,0,119,23.8
2025,WSH,WSH25_P20,5,5,0,110,22
2025,WSH,WSH25_P21,5,5,0,106,21.2
2025,WSH,WSH25_P22,5,5,0,97,19.4
2025,WSH,WSH25_P23,5,5,0,75,15
2025,WSH,WSH25_P24,5,5,0,66,13.2
2025,WSH,WSH25_P25,5,5,0,64,12.8
2025,WSH,WSH25_P26,5,5,0,62,12.4
2025,WSH,WSH25_P27,4,4,0,137,34.25
2025,WSH,WSH25_P28,4,4,0,137,34.25
2025,WSH,WSH25_P29,4,4,0,129,32.25
2025,WSH,WSH25_P30,4,4,0,128,32
2025,WSH,WSH25_P31,4,4,0,126,31.5
2025,WSH,WSH25_P32,4,4,0,124,31
2025,WSH,WSH25_P33,4,4,0,123,30.75
2025,WSH,WSH25_P34,4,4,0,122,30.5
2025,WSH,WSH25_P35,4,4,0,117,29.25
2025,WSH,WSH25_P36,4,4,0,116,29
2025,WSH,WSH25_P37,4,4,0,114,28.5
2025,WSH,WSH25_P38,4,4,0,112,28
2025,WSH,WSH25_P39,4,4,0,111,27.75
2025,WSH,WSH25_P40,4,4,0,111,27.75
2025,WSH,WSH25_P41,4,4,0,109,27.25
2025,WSH,WSH25_P42,4,4,0,103,25.75
2025,WSH,WSH25_P43,4,4,0,98,24.5
2025,WSH,WSH25_P44,4,4,0,93,23.25
2025,WSH,WSH25_P45,4,4,0,91,22.75
2025,WSH,WSH25_P46,4,4,0,90,22.5
2025,WSH,WSH25_P47,4,4,0,87,21.75
2025,WSH,WSH25_P48,4,4,0,86,21.5
2025,WSH,WSH25_P49,4,4,0,85,21.25
2025,WSH,WSH25_P50,15,4,11,85,21.25
2025,WSH,WSH25_P51,5,4,1,83,20.75
2025,WSH,WSH25_P52,4,4,0,82,20.5
2025,WSH,WSH25_P53,4,4,0,74,18.5
2025,WSH,WSH25_P54,4,4,0,67,16.75
2025,WSH,WSH25_P55,4,4,0,67,16.75
2025,WSH,WSH25_P56,4,4,0,66,16.5
2025,WSH,WSH25_P57,4,4,0,65,16.25
2025,WSH,WSH25_P58,4,4,0,64,16
2025,WSH,WSH25_P59,4,4,0,64,16
2025,WSH,WSH25_P60,4,4,0,63,15.75
2025,WSH,WSH25_P61,4,4,0,56,14
2025,WSH,WSH25_P62,5,4,1,54,13.5
2025,WSH,WSH25_P63,4,4,0,48,12
2025,WSH,WSH25_P64,4,4,0,46,11.5
2025,WSH,WSH25_P65,4,4,0,44,11
2025,WSH,WSH25_P66,5,4,1,38,9.5
2025,WSH,WSH25_P67,3,3,0,107,35.666666666666664
2025,WSH,WSH25_P68,4,3,1,103,34.333333333333336
2025,WSH,WSH25_P69,4,3,1,103,34.333333333333336
2025,WSH,WSH25_P70,3,3,0,100,33.333333333333336
2025,WSH,WSH25_P71,3,3,0,97,32.333333333333336
2025,WSH,WSH25_P72,3,3,0,94,31.333333333333332
2025,WSH,WSH25_P73,4,3,1,94,31.333333333333332
2025,WSH,WSH25_P74,3,3,0,93,31
2025,WSH,WSH25_P75,4,3,1,93,31
2025,WSH,WSH25_P76,3,3,0,90,30
2025,WSH,WSH25_P77,3,3,0,89,29.666666666666668
2025,WSH,WSH25_P78,3,3,0,87,29
2025,WSH,WSH25_P79,3,3,0,87,29
2025,WSH,WSH25_P80,3,3,0,85,28.333333333333332
2025,WSH,WSH25_P81,3,3,0,84,28
2025,WSH,WSH25_P82,4,3,1,82,27.333333333333332
2025,WSH,WSH25_P83,5,3,2,82,27.333333333333332
2025,WSH,WSH25_P84,3,3,0,82,27.333333333333332
2025,WSH,WSH25_P85,3,3,0,78,26
2025,WSH,WSH25_P86,3,3,0,77,25.666666666666668
2025,WSH,WSH25_P87,3,3,0,76,25.333333333333332
2025,WSH,WSH25_P88,4,3,1,76,25.333333333333332
2025,WSH,WSH25_P89,3,3,0,74,24.666666666666668
2025,WSH,WSH25_P90,4,3,1,72,24
2025,WSH,WSH25_P91,3,3,0,72,24
2025,WSH,WSH25_P92,3,3,0,72,24
2025,WSH,WSH25_P93,3,3,0,71,23.666666666666668
2025,WSH,WSH25_P94,3,3,0,65,21.666666666666668
2025,WSH,WSH25_P95,4,3,1,65,21.666666666666668
2025,WSH,WSH25_P96,5,3,2,62,20.666666666666668
2025,WSH,WSH25_P97,3,3,0,54,18
2025,WSH,WSH25_P98,4,3,1,54,18
2025,WSH,WSH25_P99,4,3,1,52,17.333333333333332
2025,WSH,WSH25_P100,3,3,0,51,17
2025,WSH,WSH25_P101,3,3,0,51,17
2025,WSH,WSH25_P102,3,3,0,47,15.666666666666666
2025,WSH,WSH25_P103,3,3,0,45,15
2025,WSH,WSH25_P104,3,3,0,37,12.333333333333334
2025,WSH,WSH25_P105,4,3,1,31,10.333333333333334
2025,WSH,WSH25_P106,4,3,1,30,10
2025,WSH,WSH25_P107,3,3,0,27,9
2025,WSH,WSH25_P108,5,3,2,27,9
2025,WSH,WSH25_P109,5,3,2,24,8
2025,WSH,WSH25_P110,3,3,0,21,7
2025,WSH,WSH25_P111,4,3,1,16,5.333333333333333
2025,WSH,WSH25_P112,2,2,0,73,36.5
2025,WSH,WSH25_P113,2,2,0,72,36
2025,WSH,WSH25_P114,3,2,1,58,29
2025,WSH,WSH25_P115,2,2,0,50,25
2025,WSH,WSH25_P116,2,2,0,48,24
2025,WSH,WSH25_P117,3,2,1,38,19
2025,WSH,WSH25_P118,3,2,1,37,18.5
2025,WSH,WSH25_P119,2,2,0,36,18
2025,WSH,WSH25_P120,2,2,0,36,18
2025,WSH,WSH25_P121,4,2,2,34,17
2025,WSH,WSH25_P122,4,2,2,31,15.5
2025,WSH,WSH25_P123,3,2,1,31,15.5
2025,WSH,WSH25_P124,3,2,1,29,14.5
2025,WSH,WSH25_P125,3,2,1,27,13.5
2025,WSH,WSH25_P126,2,2,0,27,13.5
2025,WSH,WSH25_P127,3,2,1,26,13
2025,WSH,WSH25_P128,4,2,2,24,12
2025,WSH,WSH25_P129,2,2,0,22,11
2025,WSH,WSH25_P130,4,2,2,20,10
2025,WSH,WSH25_P131,2,2,0,18,9
2025,WSH,WSH25_P132,5,2,3,17,8.5
2025,WSH,WSH25_P133,3,2,1,12,6
2025,WSH,WSH25_P134,3,2,1,10,5
2025,WSH,WSH25_P135,2,1,1,35,35
2025,WSH,WSH25_P136,3,1,2,31,31
2025,WSH,WSH25_P137,2,1,1,29,29
2025,WSH,WSH25_P138,2,1,1,27,27
2025,WSH,WSH25_P139,3,1,2,27,27
2025,WSH,WSH25_P140,1,1,0,26,26
2025,WSH,WSH25_P141,2,1,1,24,24
2025,WSH,WSH25_P142,1,1,0,20,20
2025,WSH,WSH25_P143,1,1,0,19,19
2025,WSH,WSH25_P144,2,1,1,19,19
2025,WSH,WSH25_P145,3,1,2,17,17
2025,WSH,WSH25_P146,1,1,0,17,17
2025,WSH,WSH25_P147,3,1,2,13,13
2025,WSH,WSH25_P148,1,1,0,11,11
2025,WSH,WSH25_P149,1,1,0,9,9
2025,WSH,WSH25_P150,2,1,1,8,8
2025,WSH,WSH25_P151,1,1,0,8,8
2025,WSH,WSH25_P152,1,1,0,6,6
2025,WSH,WSH25_P153,1,1,0,6,6
2025,WSH,WSH25_P154,2,1,1,6,6
2025,WSH,WSH25_P155,1,1,0,6,6
2025,WSH,WSH25_P156,1,1,0,6,6
2025,WSH,WSH25_P157,1,1,0,5,5
2025,WSH,WSH25_P158,2,1,1,4,4
2025,WSH,WSH25_P159,3,1,2,3,3
2025,WSH,WSH25_P160,4,1,3,3,3
2025,WSH,WSH25_P161,3,1,2,3,3
2025,WSH,WSH25_P162,4,1,3,2,2
2025,WSH,WSH25_P163,4,1,3,2,2
2025,WSH,WSH25_P164,2,1,1,2,2
2025,WSH,WSH25_P165,2,1,1,2,2
2025,WSH,WSH25_P166,1,1,0,2,2
2025,WSH,WSH25_P167,1,1,0,1,1
2025,WSH,WSH25_P168,1,0,1,0,NA
2025,WSH,WSH25_P169,1,0,1,0,NA
2025,WSH,WSH25_P170,1,0,1,0,NA
2025,WSH,WSH25_P171,1,0,1,0,NA
2025,WSH,WSH25_P172,3,0,3,0,NA
2025,WSH,WSH25_P173,1,0,1,0,NA
2025,WSH,WSH25_P174,2,0,2,0,NA
2025,WSH,WSH25_P175,2,0,2,0,NA
2025,WSH,WSH25_P176,5,0,5,0,NA
2025,WSH,WSH25_P177,3,0,3,0,NA
2025,WSH,WSH25_P178,4,0,4,0,NA
2025,WSH,WSH25_P179,1,0,1,0,NA
2025,WSH,WSH25_P180,1,0,1,0,NA
2025,WSH,WSH25_P181,37,0,37,0,NA
2025,WSH,WSH25_P182,1,0,1,0,NA
2025,WSH,WSH25_P183,1,0,1,0,NA
2025,WSH,WSH25_P184,2,0,2,0,NA
2025,WSH,WSH25_P185,4,0,4,0,NA
